timestamp,source,goal_id,goal_status,selected_action,reward,success,action_probs,model_name,cat_class,confidence,box_area,dx,dy,darea,elapsed,last_action_id,normalized_offset,aspect_ratio,visibility_score,velocity_mag,distance,last_valid_offset
1752355579,expert_transformer,reframing,active,3,0.0,True,,,-1.0,0.0,0.0,0.0,0.0,0.0,0.0,0.0,0.0,0.0,0.0,0.0,51.36,0.0
1752355704,expert_transformer,tracking,active,4,1.0,True,,,0.0,0.933284342288971,0.1675,0.0,0.0,0.0,130.67310857772827,1.0,-0.5875,0.9552238805970149,0.06448411502502858,0.0,-1.0,-0.5875
1752355704,expert_transformer,tracking,active,0,1.0,True,,,0.0,0.9264184832572937,0.12953776041666668,0.05234375000000002,0.01145833333333332,-0.037962239583333335,0.420088529586792,4.0,-0.6921875,0.7314356435643564,0.03693940090525273,0.0535832209449962,51.35,-0.6921875
1752355705,expert_transformer,tracking,active,2,1.0,True,,,0.0,0.923819899559021,0.11142578125000001,0.025000000000000022,0.03750000000000003,-0.018111979166666667,0.44028329849243164,0.0,-0.7421875,0.5821428571428572,0.026538536589123397,0.045069390943299904,51.35,-0.7421875
1752355705,expert_transformer,tracking,active,0,1.0,True,,,0.0,0.9362092614173889,0.10101236979166667,0.015625,0.021874999999999978,-0.010413411458333341,0.46233606338500977,2.0,-0.7734375,0.4942396313364055,0.0214257247451845,0.02688226645950819,51.36,-0.7734375
1752355706,expert_transformer,reframing,active,2,0.0,True,,,-1.0,0.0,0.0,0.0,0.0,0.0,0.0,0.0,-0.7734375,0.0,0.0,0.0,51.35,-0.7734375
1752355706,expert_transformer,tracking,active,2,1.0,True,,,0.0,0.958343505859375,0.16140950520833333,-0.20625000000000004,0.15000000000000002,0.060397135416666664,0.8062753677368164,2.0,-0.3609375,0.673404255319149,0.09885386281258736,0.2550275720387896,51.36,-0.3609375
1752355706,expert_transformer,reframing,active,0,0.0,True,,,-1.0,0.0,0.0,0.0,0.0,0.0,0.0,2.0,-0.3609375,0.0,0.0,0.0,51.35,-0.3609375
1752355707,expert_transformer,reframing,active,4,0.0,True,,,-1.0,0.0,0.0,0.0,0.0,0.0,0.0,0.0,-0.3609375,0.0,0.0,0.0,51.35,-0.3609375
1752355707,expert_transformer,reframing,active,0,0.0,True,,,-1.0,0.0,0.0,0.0,0.0,0.0,0.0,4.0,-0.3609375,0.0,0.0,0.0,-1.0,-0.3609375
1752355716,expert_transformer,tracking,active,0,1.0,True,,,0.0,0.8816328644752502,0.3537239583333333,0.024218750000000067,-0.16250000000000003,0.19231445312499998,10.299529790878296,1.0,-0.409375,0.9757785467128028,0.18418916247181186,0.1642948503501023,51.35,-0.409375
1752355717,expert_transformer,reframing,active,0,0.0,True,,,-1.0,0.0,0.0,0.0,0.0,0.0,0.0,0.0,-0.409375,0.0,0.0,0.0,51.35,-0.409375
1752355717,expert_transformer,reframing,active,2,0.0,True,,,-1.0,0.0,0.0,0.0,0.0,0.0,0.0,0.0,-0.409375,0.0,0.0,0.0,51.36,-0.409375
1752355717,expert_transformer,reframing,active,3,0.0,True,,,-1.0,0.0,0.0,0.0,0.0,0.0,0.0,2.0,-0.409375,0.0,0.0,0.0,-1.0,-0.409375
1752355726,expert_transformer,tracking,active,0,1.0,True,,,0.0,0.8804837465286255,0.37177734375,0.07343749999999993,0.12291666666666667,0.01805338541666668,9.96381425857544,1.0,-0.55625,0.5222222222222223,0.14525885939663566,0.14318370490630014,806.38,-0.55625
1752355727,expert_transformer,tracking,active,0,1.0,True,,,0.0,0.8720064759254456,0.3095963541666667,0.03593750000000007,0.03125,-0.06218098958333329,0.4293551445007324,0.0,-0.628125,0.43920595533498763,0.10039510332810218,0.04762422079415059,806.38,-0.628125
1752355727,expert_transformer,tracking,active,3,1.0,True,,,0.0,0.8783564567565918,0.43529296875,-0.06796875000000002,0.007291666666666696,0.1256966145833333,0.4316599369049072,0.0,-0.4921875,0.5851449275362318,0.19415824476054694,0.06835875495750549,-1.0,-0.4921875
1752355728,expert_transformer,tracking,active,1,1.0,True,,,0.0,0.8786917924880981,0.33232421875,0.06015625000000002,-0.02395833333333336,-0.10296875,0.45680665969848633,3.0,-0.6125,0.44457831325301206,0.11315409334099967,0.06475164978727271,806.48,-0.6125
1752355728,expert_transformer,tracking,active,0,1.0,True,,,0.0,0.8838518857955933,0.4509375,-0.06796875000000002,0.003124999999999989,0.11861328124999998,0.4597008228302002,1.0,-0.4765625,0.6003605769230769,0.20862227580713805,0.06804055115563441,806.55,-0.4765625
1752355729,expert_transformer,tracking,active,0,1.0,True,,,0.0,0.878690242767334,0.32827148437500003,0.0703125,0.003124999999999989,-0.12266601562499996,0.4433722496032715,0.0,-0.6171875,0.4391566265060241,0.11042186378635963,0.07038191018472005,806.39,-0.6171875
1752355729,expert_transformer,tracking,active,2,1.0,True,,,0.0,0.8837450742721558,0.33447916666666666,-0.0031250000000000444,-0.009374999999999967,0.0062076822916666274,0.43947911262512207,0.0,-0.6109375,0.44531249999999994,0.11500466356420655,0.009882117688026168,806.36,-0.6109375
1752355729,expert_transformer,tracking,active,3,1.0,True,,,0.0,0.874833345413208,0.31850260416666665,0.002343750000000089,0.011458333333333348,-0.015976562500000013,0.4477097988128662,2.0,-0.615625,0.45635910224438897,0.10710098107278464,0.011695578944211292,-1.0,-0.615625
1752355730,expert_transformer,tracking,active,0,1.0,True,,,0.0,0.8759765625,0.357001953125,-0.014843750000000044,0.006249999999999978,0.038499348958333346,0.43247032165527344,3.0,-0.5859375,0.47302158273381295,0.12948783762753008,0.016105881350069018,806.55,-0.5859375
1752355730,expert_transformer,tracking,active,4,1.0,True,,,0.0,0.8766607642173767,0.407734375,-0.034375000000000044,-0.009375000000000022,0.05073242187499999,0.4359762668609619,0.0,-0.5171875,0.5643382352941176,0.1725787831166017,0.03563048203434811,806.51,-0.5171875
1752355731,expert_transformer,tracking,active,1,1.0,True,,,0.0,0.8801592588424683,0.4839583333333333,-0.047656249999999956,-0.016666666666666663,0.07622395833333334,0.4231112003326416,4.0,-0.421875,0.6831683168316831,0.2462583608618782,0.050486591703543165,806.27,-0.421875
1752355731,expert_transformer,tracking,active,2,1.0,True,,,0.0,0.9273256063461304,0.40974609374999993,-0.23359375,-0.03125,-0.0742122395833334,0.4459207057952881,1.0,0.0453125,0.6607142857142857,0.36275074280310576,0.23567478129630776,806.48,0.0453125
1752355732,expert_transformer,tracking,active,0,1.0,True,,,0.0,0.9247611165046692,0.22142252604166668,-0.1375,0.05104166666666671,-0.18832356770833325,0.43415045738220215,2.0,0.3203125,0.694649446494465,0.1391748124135711,0.14666799833675756,-1.0,0.3203125
1752355732,expert_transformer,tracking,active,4,1.0,True,,,0.0,0.9614681601524353,0.21281901041666665,-0.07421875,-0.09583333333333338,-0.00860351562500003,0.4086127281188965,0.0,0.46875,0.4317507418397626,0.10870368564509893,0.12121241945172238,806.34,0.46875
1752355732,expert_transformer,tracking,active,4,1.0,True,,,0.0,0.9534527659416199,0.14443359374999998,-0.03046874999999999,-0.003124999999999989,-0.06838541666666667,0.4471104145050049,4.0,0.5296875,0.3553921568627451,0.06476702100969305,0.030628587162363517,806.44,0.5296875
1752355733,expert_transformer,tracking,active,1,1.0,True,,,0.0,0.9216156005859375,0.07701822916666666,-0.0546875,0.03541666666666671,-0.06741536458333332,0.4454057216644287,4.0,0.6390625,0.2625,0.025619777427054943,0.06515414748139815,806.34,0.6390625
1752355733,expert_transformer,reframing,active,2,0.0,True,,,-1.0,0.0,0.0,0.0,0.0,0.0,0.0,1.0,0.6390625,0.0,0.0,0.0,806.31,0.6390625
1752355734,expert_transformer,tracking,active,0,1.0,True,,,0.0,0.9307202100753784,0.1666276041666667,-0.010937500000000017,-0.006250000000000033,0.08960937500000003,0.8089637756347656,2.0,0.6609375,0.5345149253731344,0.05258305982764919,0.012597277731716516,-1.0,0.6609375
1752355734,expert_transformer,tracking,active,0,1.0,True,,,0.0,0.9249586462974548,0.17745442708333334,-0.017968750000000006,-0.011458333333333348,0.010826822916666645,0.4411451816558838,0.0,0.696875,0.5177935943060498,0.0497543332671424,0.021311250065171643,806.36,0.696875
1752355735,expert_transformer,tracking,active,1,1.0,True,,,0.0,0.9139578938484192,0.14538411458333333,-0.024218749999999983,0.009375000000000022,-0.0320703125,0.4660019874572754,0.0,0.7453125,0.4461678832116789,0.03384159116197952,0.02596995334155415,806.44,0.7453125
1752355735,expert_transformer,reframing,active,2,0.0,True,,,-1.0,0.0,0.0,0.0,0.0,0.0,0.0,1.0,0.7453125,0.0,0.0,0.0,806.39,0.7453125
1752355735,expert_transformer,tracking,active,4,1.0,True,,,0.0,0.9219210743904114,0.12225260416666667,0.46796875000000004,0.11562499999999998,-0.023131510416666667,0.8125274181365967,2.0,-0.190625,0.5371179039301309,0.09122243223347808,0.4820413795532107,-1.0,-0.190625
1752355736,expert_transformer,tracking,active,4,1.0,True,,,0.0,0.9078027009963989,0.10713541666666666,-0.07421875,0.00520833333333337,-0.015117187500000004,0.44798874855041504,4.0,-0.0421875,0.3336397058823529,0.09315475631486818,0.07440127409980028,806.46,-0.0421875
1752355736,expert_transformer,tracking,active,1,1.0,True,,,0.0,0.895458996295929,0.15791015625,-0.009375000000000022,-0.002083333333333326,0.050774739583333325,0.4430387020111084,4.0,-0.0234375,0.33409090909090905,0.13808795900445145,0.009603692143013445,806.41,-0.0234375
1752355737,expert_transformer,tracking,active,2,1.0,True,,,0.0,0.8925584554672241,0.23182617187500001,-0.05937500000000001,0.059374999999999956,0.07391601562500003,0.42327356338500977,1.0,0.0953125,0.39227642276422764,0.18719649896149895,0.08396893026590249,806.46,0.0953125
1752355737,expert_transformer,tracking,active,0,1.0,True,,,0.0,0.8848798871040344,0.36224283854166667,0.11718750000000006,-0.008333333333333304,0.13041666666666665,0.4460122585296631,2.0,-0.1390625,0.4451501154734411,0.2759661133472191,0.11748342266334623,806.38,-0.1390625
1752355738,expert_transformer,reframing,active,3,0.0,True,,,-1.0,0.0,0.0,0.0,0.0,0.0,0.0,0.0,-0.1390625,0.0,0.0,0.0,-1.0,-0.1390625
1752355738,expert_transformer,reframing,active,1,0.0,True,,,-1.0,0.0,0.0,0.0,0.0,0.0,0.0,3.0,-0.1390625,0.0,0.0,0.0,806.56,-0.1390625
1752355738,expert_transformer,tracking,active,0,1.0,True,,,0.0,0.8770322203636169,0.9511393229166667,-0.053906250000000044,-0.04583333333333334,0.588896484375,1.156275987625122,1.0,-0.03125,0.9551148225469729,0.808111712494853,0.07075717796454964,806.55,-0.03125
1752355739,expert_transformer,tracking,active,0,1.0,True,,,0.0,0.928349494934082,0.6986393229166666,-0.16328125,0.001041666666666663,-0.25250000000000006,0.4376242160797119,0.0,0.2953125,0.7044979079497907,0.4570472494053441,0.16328457266688406,806.34,0.2953125
1752355739,expert_transformer,reframing,active,0,0.0,True,,,-1.0,0.0,0.0,0.0,0.0,0.0,0.0,0.0,0.2953125,0.0,0.0,0.0,-1.0,0.2953125
1752355740,expert_transformer,tracking,active,1,1.0,True,,,0.0,0.864382266998291,0.4054036458333333,-0.14921875,-0.001041666666666663,-0.2932356770833333,0.7757701873779297,0.0,0.59375,0.407098121085595,0.142359637239133,0.14922238579049374,806.46,0.59375
1752355740,expert_transformer,reframing,active,4,0.0,True,,,-1.0,0.0,0.0,0.0,0.0,0.0,0.0,1.0,0.59375,0.0,0.0,0.0,806.5,0.59375
1752355740,expert_transformer,reframing,active,0,0.0,True,,,-1.0,0.0,0.0,0.0,0.0,0.0,0.0,4.0,0.59375,0.0,0.0,0.0,806.5,0.59375
1752355741,expert_transformer,tracking,active,2,1.0,True,,,0.0,0.8679563403129578,0.6597395833333333,0.13124999999999998,-0.001041666666666663,0.25433593749999994,1.2354552745819092,0.0,0.33125,0.6652719665271967,0.382943071944542,0.1312541335327937,806.43,0.33125
1752355741,expert_transformer,reframing,active,0,0.0,True,,,-1.0,0.0,0.0,0.0,0.0,0.0,0.0,2.0,0.33125,0.0,0.0,0.0,-1.0,0.33125
1752355742,expert_transformer,tracking,active,0,1.0,True,,,0.0,0.9326676726341248,0.8968098958333334,0.20468750000000002,0.00520833333333337,0.2370703125000001,0.7679874897003174,0.0,-0.078125,0.9157894736842105,0.7710798484716482,0.20475375306050222,806.58,-0.078125
1752355742,expert_transformer,reframing,active,1,0.0,True,,,-1.0,0.0,0.0,0.0,0.0,0.0,0.0,0.0,-0.078125,0.0,0.0,0.0,806.51,-0.078125
1752355742,expert_transformer,reframing,active,2,0.0,True,,,-1.0,0.0,0.0,0.0,0.0,0.0,0.0,1.0,-0.078125,0.0,0.0,0.0,806.51,-0.078125
1752355743,expert_transformer,reframing,active,0,0.0,True,,,-1.0,0.0,0.0,0.0,0.0,0.0,0.0,2.0,-0.078125,0.0,0.0,0.0,-1.0,-0.078125
1752355761,expert_transformer,tracking,active,0,1.0,True,,,0.0,0.9059292078018188,0.13974609375,0.3890625,-0.006250000000000033,-0.7570638020833333,19.272387266159058,4.0,-0.85625,0.14150943396226415,0.018198759775623335,0.38911269756492134,806.36,-0.85625
1752355761,expert_transformer,reframing,active,1,0.0,True,,,-1.0,0.0,0.0,0.0,0.0,0.0,0.0,0.0,-0.85625,0.0,0.0,0.0,806.46,-0.85625
1752355762,expert_transformer,tracking,active,2,1.0,True,,,0.0,0.9233396649360657,0.16515624999999998,-0.017187500000000022,-0.02083333333333337,0.025410156249999982,0.9787125587463379,1.0,-0.821875,0.18543046357615894,0.027163228258170413,0.027008108671800403,806.38,-0.821875
1752355762,expert_transformer,tracking,active,3,1.0,True,,,0.0,0.9266714453697205,0.15673828125,0.00390625,-0.005208333333333315,-0.008417968749999977,0.4600651264190674,2.0,-0.8296875,0.17833333333333332,0.024737020265229146,0.006510416666666652,-1.0,-0.8296875
1752355763,expert_transformer,tracking,active,0,1.0,True,,,0.0,0.9281535148620605,0.1990625,-0.03125,-0.03541666666666665,0.04232421875,0.5057275295257568,3.0,-0.7671875,0.26502403846153844,0.043014567654347045,0.04723243353647763,806.56,-0.7671875
1752355763,expert_transformer,reframing,active,4,0.0,True,,,-1.0,0.0,0.0,0.0,0.0,0.0,0.0,0.0,-0.7671875,0.0,0.0,0.0,806.53,-0.7671875
1752355764,expert_transformer,tracking,active,1,1.0,True,,,0.0,0.9482547044754028,0.23582682291666668,-0.024218749999999956,-0.009375000000000022,0.036764322916666675,1.1914646625518799,4.0,-0.71875,0.32800982800982803,0.06289422026406101,0.025969953341554122,806.46,-0.71875
1752355764,expert_transformer,tracking,active,3,1.0,True,,,0.0,0.9474321603775024,0.3401692708333333,-0.05625000000000002,0.009375000000000022,0.10434244791666664,0.5022716522216797,1.0,-0.60625,0.4485645933014354,0.126900627194118,0.057025898721545835,-1.0,-0.60625
1752355765,expert_transformer,tracking,active,0,1.0,True,,,0.0,0.9541438817977905,0.40002929687499994,-0.03828124999999993,-0.007291666666666696,0.059860026041666625,0.5023434162139893,3.0,-0.5296875,0.5456204379562044,0.17951146461265488,0.03896950736589152,806.46,-0.5296875
1752355765,expert_transformer,tracking,active,4,1.0,True,,,0.0,0.9480324387550354,0.2994791666666667,0.05390624999999993,-0.007291666666666641,-0.10055013020833325,0.5113632678985596,0.0,-0.6375,0.43124999999999997,0.10291953721510559,0.05439717080731562,806.46,-0.6375
1752355766,expert_transformer,tracking,active,1,1.0,True,,,0.0,0.9115546345710754,0.08967447916666667,0.12421875000000004,-0.016666666666666663,-0.20980468750000003,0.5785222053527832,4.0,-0.8859375,0.1372422680412371,0.00932383227712489,0.12533186198784524,806.51,-0.8859375
1752355767,expert_transformer,reframing,active,2,0.0,True,,,-1.0,0.0,0.0,0.0,0.0,0.0,0.0,1.0,-0.8859375,0.0,0.0,0.0,806.36,-0.8859375
1752355767,expert_transformer,reframing,active,3,0.0,True,,,-1.0,0.0,0.0,0.0,0.0,0.0,0.0,2.0,-0.8859375,0.0,0.0,0.0,-1.0,-0.8859375
1752355769,expert_transformer,tracking,active,4,1.0,True,,,0.0,0.9091641902923584,0.22421874999999997,-0.16328125000000004,0.3375,0.1345442708333333,2.5444581508636475,1.0,-0.559375,0.853658536585366,0.08982213693496305,0.3749226808310782,806.24,-0.559375
1752355769,expert_transformer,tracking,active,0,1.0,True,,,0.0,0.8555732369422913,0.052734375,0.140625,-0.16458333333333341,-0.17148437499999997,0.5906002521514893,4.0,-0.840625,0.4629629629629629,0.0071907003617525354,0.2164787847252269,806.31,-0.840625
1752355770,expert_transformer,tracking,active,3,1.0,True,,,0.0,0.9025629758834839,0.087890625,-0.0390625,0.0,0.03515625,0.601809024810791,0.0,-0.7625,0.625,0.018840120712411593,0.0390625,-1.0,-0.7625
1752355770,expert_transformer,reframing,active,1,0.0,True,,,-1.0,0.0,0.0,0.0,0.0,0.0,0.0,3.0,-0.7625,0.0,0.0,0.0,806.5,-0.7625
1752355771,expert_transformer,reframing,active,0,0.0,True,,,-1.0,0.0,0.0,0.0,0.0,0.0,0.0,1.0,-0.7625,0.0,0.0,0.0,806.43,-0.7625
1752355771,expert_transformer,tracking,active,0,1.0,True,,,0.0,0.9428227543830872,0.261533203125,-0.14765624999999993,-0.04479166666666656,0.173642578125,1.54142165184021,0.0,-0.4671875,1.0727848101265822,0.13138061583145919,0.15430055595117034,806.41,-0.4671875
1752355772,expert_transformer,reframing,active,3,0.0,True,,,-1.0,0.0,0.0,0.0,0.0,0.0,0.0,0.0,-0.4671875,0.0,0.0,0.0,-1.0,-0.4671875
1752355772,expert_transformer,tracking,active,1,1.0,True,,,0.0,0.9471715688705444,0.2880859375,0.03437499999999993,-0.13020833333333337,0.026552734374999998,0.9844930171966553,3.0,-0.5359375,0.7375,0.12662725373320427,0.1346694126163935,806.24,-0.5359375
1752355773,expert_transformer,tracking,active,0,1.0,True,,,0.0,0.9425119757652283,0.31115234375,-0.04921874999999998,0.17812499999999998,0.023066406250000004,0.5036571025848389,1.0,-0.4375,1.0056179775280898,0.1649614557778841,0.18479989441707614,806.48,-0.4375
1752355773,expert_transformer,tracking,active,0,1.0,True,,,0.0,0.8968538641929626,0.057421875000000004,0.18593749999999998,-0.11874999999999997,-0.25373046875,0.5449826717376709,0.0,-0.809375,0.6122448979591836,0.009817002685813352,0.22062256549648313,806.32,-0.809375
1752355774,expert_transformer,reframing,active,2,0.0,True,,,-1.0,0.0,0.0,0.0,0.0,0.0,0.0,0.0,-0.809375,0.0,0.0,0.0,806.41,-0.809375
1752355774,expert_transformer,reframing,active,3,0.0,True,,,-1.0,0.0,0.0,0.0,0.0,0.0,0.0,2.0,-0.809375,0.0,0.0,0.0,-1.0,-0.809375
1752355775,expert_transformer,tracking,active,0,1.0,True,,,0.0,0.9245397448539734,0.14524739583333335,-0.0859375,0.08645833333333336,0.08782552083333334,1.3197822570800781,3.0,-0.6375,0.8891752577319587,0.048679033978114614,0.1219028191184592,806.31,-0.6375
1752355775,expert_transformer,tracking,active,4,1.0,True,,,0.0,0.8770032525062561,0.06503906250000001,0.07421875,0.1333333333333333,-0.08020833333333334,0.5157079696655273,0.0,-0.7859375,0.6841216216216216,0.012210011408260474,0.1525981671886667,806.31,-0.7859375
1752355776,expert_transformer,tracking,active,1,1.0,True,,,0.0,0.9371519088745117,0.20625,-0.14609375000000002,-0.1645833333333333,0.14121093749999997,0.6189136505126953,4.0,-0.49375,1.2121212121212122,0.09785183798521757,0.22007057368074817,806.26,-0.49375
1752355776,expert_transformer,reframing,active,3,0.0,True,,,-1.0,0.0,0.0,0.0,0.0,0.0,0.0,1.0,-0.49375,0.0,0.0,0.0,-1.0,-0.49375
1752355777,expert_transformer,tracking,active,0,1.0,True,,,0.0,0.9227909445762634,0.20718750000000002,0.010937500000000044,0.13541666666666663,0.0009375000000000355,1.1023261547088623,3.0,-0.515625,1.1033653846153846,0.09260801896423801,0.13585765535059519,806.44,-0.515625
1752355777,expert_transformer,reframing,active,4,0.0,True,,,-1.0,0.0,0.0,0.0,0.0,0.0,0.0,0.0,-0.515625,0.0,0.0,0.0,806.26,-0.515625
1752355778,expert_transformer,tracking,active,1,1.0,True,,,0.0,0.9027977585792542,0.06806640625,0.14453125,-0.22083333333333333,-0.13912109375000004,1.1006455421447754,4.0,-0.8046875,0.5426470588235294,0.012001991991610339,0.26392545034095066,806.31,-0.8046875
1752355779,expert_transformer,reframing,active,2,0.0,True,,,-1.0,0.0,0.0,0.0,0.0,0.0,0.0,1.0,-0.8046875,0.0,0.0,0.0,806.48,-0.8046875
1752355779,expert_transformer,reframing,active,3,0.0,True,,,-1.0,0.0,0.0,0.0,0.0,0.0,0.0,2.0,-0.8046875,0.0,0.0,0.0,-1.0,-0.8046875
1752355780,expert_transformer,tracking,active,4,1.0,True,,,0.0,0.7646607756614685,0.052500000000000005,-0.016406249999999956,0.44999999999999996,-0.015566406249999998,2.0599753856658936,1.0,-0.771875,0.9642857142857143,0.009158007571008058,0.4502989729491535,101.73,-0.771875
1752355781,expert_transformer,reframing,active,0,0.0,True,,,-1.0,0.0,0.0,0.0,0.0,0.0,0.0,4.0,-0.771875,0.0,0.0,0.0,93.57,-0.771875
1752355781,expert_transformer,reframing,active,2,0.0,True,,,-1.0,0.0,0.0,0.0,0.0,0.0,0.0,0.0,-0.771875,0.0,0.0,0.0,88.01,-0.771875
1752355782,expert_transformer,reframing,active,4,0.0,True,,,-1.0,0.0,0.0,0.0,0.0,0.0,0.0,2.0,-0.771875,0.0,0.0,0.0,91.94,-0.771875
1752356882,warmup,tracking,active,0,0.0,True,,,0.0,0.8258935213088989,0.44128906250000005,0.0,0.0,0.0,2.0594613552093506,0.0,0.553125,0.4525316455696203,0.16286706942900492,0.0,49.98,0.553125
1752356883,expert_transformer,tracking,active,4,1.0,True,,,0.0,0.8761014342308044,0.4409765625,-0.0015625000000000222,-0.007291666666666641,-0.00031250000000004885,0.9992475509643555,0.0,0.55625,0.4465408805031446,0.17143846324786136,0.007457198470456413,49.99,0.55625
1752356883,expert_transformer,tracking,active,0,1.0,True,,,0.0,0.7810782194137573,0.38702799479166666,0.013281250000000022,0.09166666666666662,-0.05394856770833334,0.5451273918151855,4.0,0.5296875,0.5715189873417722,0.1421750628868449,0.09262380568374563,49.99,0.5296875
1752356884,expert_transformer,tracking,active,2,1.0,True,,,0.0,0.8911541700363159,0.04382161458333333,-0.13593750000000002,-0.22604166666666664,-0.34320638020833333,0.5075187683105469,0.0,0.8015625,0.8985849056603773,0.007749344454461001,0.26376853295208363,48.69,0.8015625
1752356884,expert_transformer,reframing,active,4,0.0,True,,,-1.0,0.0,0.0,0.0,0.0,0.0,0.0,2.0,0.8015625,0.0,0.0,0.0,49.99,0.8015625
1752356885,expert_transformer,reframing,active,0,0.0,True,,,-1.0,0.0,0.0,0.0,0.0,0.0,0.0,4.0,0.8015625,0.0,0.0,0.0,50.01,0.8015625
1752356885,expert_transformer,reframing,active,1,0.0,True,,,-1.0,0.0,0.0,0.0,0.0,0.0,0.0,0.0,0.8015625,0.0,0.0,0.0,49.99,0.8015625
1752356919,expert_transformer,tracking,active,4,1.0,True,,,0.0,0.9405255913734436,0.6006119791666666,0.36796874999999996,0.13541666666666669,0.5567903645833333,35.70403742790222,2.0,0.065625,0.6056485355648535,0.5278199691581855,0.3920952366296657,37.54,0.065625
1752356920,expert_transformer,tracking,active,0,1.0,True,,,0.0,0.948652982711792,0.5458723958333334,-0.11640624999999999,-0.027083333333333348,-0.054739583333333286,0.6576442718505859,4.0,0.2984375,0.6155973451327434,0.363299563973138,0.11951536296019413,36.39,0.2984375
1752356921,expert_transformer,tracking,active,0,1.0,True,,,0.0,0.9380605220794678,0.6068359375,-0.007031249999999989,0.029166666666666674,0.06096354166666662,0.5881612300872803,0.0,0.3125,0.6119246861924686,0.3913585749891354,0.030002215268325513,38.21,0.3125
1752356921,expert_transformer,reframing,active,0,0.0,True,,,-1.0,0.0,0.0,0.0,0.0,0.0,0.0,0.0,0.3125,0.0,0.0,0.0,-1.0,0.3125
1752356922,expert_transformer,tracking,active,4,1.0,True,,,0.0,0.9313733577728271,0.6146158854166667,0.12578125,-0.002083333333333326,0.007779947916666696,1.0545690059661865,0.0,0.0609375,0.6197698744769874,0.5375539897274455,0.1257985020949784,35.91,0.0609375
1752356922,expert_transformer,tracking,active,0,1.0,True,,,0.0,0.948225736618042,0.62083984375,0.0,0.0,0.006223958333333335,0.613609790802002,4.0,0.0609375,0.6260460251046025,0.5528226362736969,0.0,37.08,0.0609375
1752356923,expert_transformer,tracking,active,0,1.0,True,,,0.0,0.9371784329414368,0.85134765625,0.07109375000000001,0.001041666666666663,0.23050781249999996,0.5855934619903564,0.0,-0.08125,0.8549060542797495,0.7330381585549548,0.0711013808481027,37.3,-0.08125
1752356923,expert_transformer,tracking,active,3,1.0,True,,,0.0,0.9396002292633057,0.827958984375,0.04296875,0.0,-0.023388671874999933,0.5722556114196777,0.0,-0.1671875,0.831419624217119,0.6478868604226263,0.04296875,36.39,-0.1671875
1752356924,expert_transformer,reframing,active,0,0.0,True,,,-1.0,0.0,0.0,0.0,0.0,0.0,0.0,3.0,-0.1671875,0.0,0.0,0.0,36.38,-0.1671875
1752356924,expert_transformer,tracking,active,4,1.0,True,,,0.0,0.9488493204116821,0.73287109375,-0.012500000000000067,-0.001041666666666663,-0.095087890625,1.035979986190796,0.0,-0.1421875,0.7390167364016736,0.5965092927351179,0.012543327686242039,36.84,-0.1421875
1752356925,expert_transformer,tracking,active,0,1.0,True,,,0.0,0.9382724761962891,0.7234895833333334,0.046093750000000044,0.001041666666666663,-0.009381510416666683,0.5228345394134521,4.0,-0.234375,0.7265135699373695,0.5197294965619221,0.046105518742412484,36.84,-0.234375
1752356926,expert_transformer,tracking,active,0,1.0,True,,,0.0,0.918853223323822,0.7281673177083334,0.016406249999999956,0.0,0.0046777343750000755,0.6076028347015381,0.0,-0.2671875,0.7312108559498957,0.49030937187629,0.016406249999999956,36.84,-0.2671875
1752356926,expert_transformer,tracking,active,3,1.0,True,,,0.0,0.9153958559036255,0.6546940104166666,0.010156250000000089,0.03958333333333336,-0.07347330729166679,0.565079927444458,0.0,-0.2875,0.7686230248306997,0.4270042311144935,0.04086550736061259,-1.0,-0.2875
1752356927,expert_transformer,tracking,active,0,1.0,True,,,0.0,0.9140561819076538,0.6503385416666667,0.0015624999999999112,0.0010416666666666075,-0.0043554687499999245,0.5717616081237793,3.0,-0.290625,0.7669683257918553,0.42168510595597525,0.0018778912893040545,35.91,-0.290625
1752356927,expert_transformer,tracking,active,0,1.0,True,,,0.0,0.9134752154350281,0.65818359375,0.022656250000000044,-0.04166666666666663,0.007845052083333304,0.5723381042480469,0.0,-0.3359375,0.6637029288702928,0.39925721881413667,0.047428016774619726,34.09,-0.3359375
1752356928,expert_transformer,tracking,active,3,1.0,True,,,0.0,0.9346494674682617,0.725048828125,-0.03281250000000002,0.001041666666666663,0.06686523437500003,0.5602538585662842,0.0,-0.2703125,0.7280793319415448,0.4944847750181362,0.03282903022774882,34.37,-0.2703125
1752356928,expert_transformer,tracking,active,0,1.0,True,,,0.0,0.9382616281509399,0.706337890625,0.009375000000000022,0.0,-0.01871093750000008,0.5905756950378418,3.0,-0.2890625,0.7092901878914405,0.47115942402116157,0.009375000000000022,31.74,-0.2890625
1752356929,expert_transformer,reframing,active,0,0.0,True,,,-1.0,0.0,0.0,0.0,0.0,0.0,0.0,0.0,-0.2890625,0.0,0.0,0.0,29.41,-0.2890625
1752356929,expert_transformer,tracking,active,3,1.0,True,,,0.0,0.9391419291496277,0.6659635416666666,0.021093750000000022,-0.001041666666666663,-0.04037434895833336,1.0444393157958984,0.0,-0.33125,0.6715481171548117,0.41825917827040143,0.021119454503062938,20.85,-0.33125
1752356930,expert_transformer,tracking,active,0,1.0,True,,,0.0,0.9427385330200195,0.6548828125,0.0015625000000000222,0.001041666666666663,-0.01108072916666658,0.5436172485351562,3.0,-0.334375,0.6576200417536534,0.41094573373964527,0.0018778912893041774,18.92,-0.334375
1752356931,expert_transformer,tracking,active,3,1.0,True,,,0.0,0.9366799592971802,0.5576497395833333,-0.08437500000000009,-0.014583333333333337,-0.09723307291666672,0.5747072696685791,0.0,-0.165625,0.5993520518358532,0.4358268829535154,0.08562601378150875,20.19,-0.165625
1752356931,expert_transformer,tracking,active,4,1.0,True,,,0.0,0.9337164759635925,0.47370117187499994,-0.09453124999999996,-0.029166666666666674,-0.08394856770833337,0.6171844005584717,3.0,0.0234375,0.5715102974828374,0.4319361219364736,0.09892851798650851,-1.0,0.0234375
1752356932,expert_transformer,tracking,active,0,1.0,True,,,0.0,0.9268969297409058,0.385078125,-0.18515625000000002,0.026041666666666685,-0.08862304687499994,0.5854823589324951,4.0,0.39375,0.6411290322580645,0.21638743738731134,0.1869786226199142,18.28,0.39375
1752356932,expert_transformer,tracking,active,0,1.0,True,,,0.0,0.9062952399253845,0.4902083333333334,0.021875000000000033,-0.010416666666666685,0.10513020833333342,0.582740306854248,0.0,0.35,0.6526442307692308,0.2887777613966416,0.02422854864502714,18.61,0.35
1752356933,expert_transformer,tracking,active,0,1.0,True,,,0.0,0.9323164820671082,0.504765625,0.021874999999999978,0.027083333333333348,0.014557291666666583,0.572690486907959,0.0,0.30625,0.6408450704225352,0.32647966003933104,0.03481411451472584,18.92,0.30625
1752356934,expert_transformer,tracking,active,4,1.0,True,,,0.0,0.9313384294509888,0.517578125,-0.008593750000000011,0.0,0.012812500000000004,0.6899542808532715,0.0,0.3234375,0.6633254716981132,0.3261304568095511,0.008593750000000011,31.74,0.3234375
1752356934,expert_transformer,tracking,active,0,1.0,True,,,0.0,0.9288387298583984,0.5021972656249999,0.004687500000000011,-0.001041666666666663,-0.015380859375000111,0.6205644607543945,4.0,0.3140625,0.6405882352941176,0.3199625916873628,0.004801846071506723,29.91,0.3140625
1752356935,expert_transformer,tracking,active,0,1.0,True,,,0.0,0.9046796560287476,0.5383723958333334,-0.07265624999999998,0.001041666666666663,0.03617513020833352,0.5752031803131104,0.0,0.459375,0.5428870292887029,0.26331386819022495,0.07266371676089066,30.72,0.459375
1752356935,expert_transformer,tracking,active,0,1.0,True,,,0.0,0.9066817760467529,0.6192838541666666,0.04062499999999997,0.0,0.08091145833333324,0.5652120113372803,0.0,0.378125,0.6244769874476986,0.34917869865565443,0.04062499999999997,33.58,0.378125
1752356936,expert_transformer,tracking,active,3,1.0,True,,,0.0,0.9050291180610657,0.62083984375,0.0007812500000000111,0.0,0.0015559895833333615,0.5924034118652344,0.0,0.3765625,0.6260460251046025,0.35029590056601045,0.0007812500000000111,-1.0,0.3765625
1752356937,expert_transformer,tracking,active,0,1.0,True,,,0.0,0.9004696607589722,0.62083984375,0.0,0.0,0.0,0.5718412399291992,3.0,0.3765625,0.6260460251046025,0.3485311405490611,0.0,37.78,0.3765625
1752356937,expert_transformer,reframing,active,0,0.0,True,,,-1.0,0.0,0.0,0.0,0.0,0.0,0.0,0.0,0.3765625,0.0,0.0,0.0,80.02,0.3765625
1752356938,expert_transformer,tracking,active,4,1.0,True,,,0.0,0.906703531742096,0.48812500000000003,-0.03671874999999997,0.016666666666666607,-0.13271484374999998,1.0738325119018555,0.0,0.45,0.619718309859155,0.24342156378738586,0.040324240592232774,79.32,0.45
1752356938,expert_transformer,tracking,active,3,1.0,True,,,0.0,0.9131742715835571,0.487880859375,-0.0007812500000000111,-0.0010416666666666075,-0.0002441406250000555,0.5733234882354736,4.0,0.4515625,0.6165105386416863,0.2443400112205363,0.0013020833333332927,79.66,0.4515625
1752356939,expert_transformer,tracking,active,0,1.0,True,,,0.0,0.8909478187561035,0.544287109375,0.003124999999999989,-0.006249999999999978,0.05640625000000005,0.5652694702148438,3.0,0.4453125,0.5652866242038217,0.2689853930789468,0.0069877124296868175,78.96,0.4453125
1752356939,expert_transformer,tracking,active,4,1.0,True,,,0.0,0.9025319814682007,0.5175944010416667,0.025000000000000022,0.05833333333333335,-0.02669270833333337,0.5791912078857422,0.0,0.3953125,0.6991525423728813,0.28247704475436874,0.06346477588219926,78.58,0.3953125
1752356940,expert_transformer,tracking,active,4,1.0,True,,,0.0,0.9166034460067749,0.45572916666666663,0.08671874999999996,0.06145833333333328,-0.06186523437500002,0.5943348407745361,4.0,0.221875,0.8571428571428572,0.32504065071407234,0.10628860869196471,-1.0,0.221875
1752356941,expert_transformer,tracking,active,0,1.0,True,,,0.0,0.5551700592041016,0.8095279947916667,0.15703125000000007,-0.08020833333333333,0.3537988281250001,0.600212812423706,4.0,-0.0921875,1.004060324825986,0.40799427263499827,0.1763297768746777,78.8,-0.0921875
1752356941,expert_transformer,tracking,active,2,1.0,True,,,0.0,0.9183313846588135,0.8170833333333334,-0.01171875,0.011458333333333348,0.0075553385416666785,0.5819990634918213,0.0,-0.06875,1.0471698113207548,0.6987664816460263,0.016389707268291222,79.11,-0.06875
1752356942,expert_transformer,tracking,active,4,1.0,True,,,0.0,0.9466846585273743,0.8229947916666667,0.01718749999999991,-0.02083333333333337,0.005911458333333286,0.5736827850341797,2.0,-0.103125,0.9705882352941178,0.6987701497890182,0.02700810867180033,79.56,-0.103125
1752356942,expert_transformer,reframing,active,0,0.0,True,,,-1.0,0.0,0.0,0.0,0.0,0.0,0.0,4.0,-0.103125,0.0,0.0,0.0,80.38,-0.103125
1752356943,expert_transformer,reframing,active,2,0.0,True,,,-1.0,0.0,0.0,0.0,0.0,0.0,0.0,0.0,-0.103125,0.0,0.0,0.0,82.71,-0.103125
1752356943,expert_transformer,reframing,active,4,0.0,True,,,-1.0,0.0,0.0,0.0,0.0,0.0,0.0,2.0,-0.103125,0.0,0.0,0.0,82.46,-0.103125
1752356954,expert_transformer,tracking,active,0,1.0,True,,,0.0,0.8334603309631348,0.01392578125,0.15000000000000002,0.11979166666666674,-0.8090690104166667,12.12874460220337,4.0,-0.403125,0.3709677419354838,0.006927681167697302,0.19196365125402726,100.45,-0.403125
1752356954,expert_transformer,reframing,active,2,0.0,True,,,-1.0,0.0,0.0,0.0,0.0,0.0,0.0,0.0,-0.403125,0.0,0.0,0.0,100.26,-0.403125
1752356955,expert_transformer,reframing,active,1,0.0,True,,,-1.0,0.0,0.0,0.0,0.0,0.0,0.0,2.0,-0.403125,0.0,0.0,0.0,100.52,-0.403125
1752356955,expert_transformer,tracking,active,0,1.0,True,,,0.0,0.8535062670707703,0.016171875000000002,-0.15000000000000002,-0.13645833333333335,0.0022460937500000024,1.508531093597412,1.0,-0.103125,0.44021739130434784,0.012379383256935399,0.20278283146290052,100.88,-0.103125
1752356956,expert_transformer,reframing,active,4,0.0,True,,,-1.0,0.0,0.0,0.0,0.0,0.0,0.0,0.0,-0.103125,0.0,0.0,0.0,100.72,-0.103125
1752356956,expert_transformer,reframing,active,3,0.0,True,,,-1.0,0.0,0.0,0.0,0.0,0.0,0.0,4.0,-0.103125,0.0,0.0,0.0,-1.0,-0.103125
1752356957,expert_transformer,reframing,active,0,0.0,True,,,-1.0,0.0,0.0,0.0,0.0,0.0,0.0,3.0,-0.103125,0.0,0.0,0.0,101.58,-0.103125
1752356964,expert_transformer,tracking,active,0,1.0,True,,,0.0,0.9209782481193542,0.5165885416666667,-0.29218749999999993,-0.02083333333333337,0.5004166666666667,8.873250246047974,4.0,0.48125,0.5209205020920502,0.24680403274077498,0.29292927974859007,39.15,0.48125
1752356965,expert_transformer,tracking,active,2,1.0,True,,,0.0,0.9173282384872437,0.5056966145833334,-0.005468750000000022,0.0,-0.010891927083333308,0.5571889877319336,0.0,0.4921875,0.5099372384937239,0.23556903127503878,0.005468750000000022,36.36,0.4921875
1752356965,expert_transformer,tracking,active,4,1.0,True,,,0.0,0.9122540950775146,0.41095703125,-0.0054687499999999944,0.08437499999999998,-0.09473958333333338,0.5903639793395996,2.0,0.503125,0.6007556675062973,0.18627706347104683,0.08455204226724802,-1.0,0.503125
1752356966,expert_transformer,tracking,active,0,1.0,True,,,0.0,0.9054703712463379,0.39418619791666665,0.0007812499999999833,0.015625,-0.016770833333333346,0.557396650314331,4.0,0.5015625,0.6223821989528796,0.17790426785425612,0.01564451905820374,37.54,0.5015625
1752356967,expert_transformer,tracking,active,0,1.0,True,,,0.0,0.9100693464279175,0.4283203125,-0.010156249999999978,-0.04999999999999993,0.034134114583333375,0.6262738704681396,0.0,0.521875,0.5337209302325582,0.18637369246680466,0.05102106833517398,28.85,0.521875
1752356967,expert_transformer,tracking,active,0,1.0,True,,,0.0,0.8999998569488525,0.40404947916666667,0.0015624999999999944,0.028124999999999956,-0.024270833333333353,0.5854716300964355,0.0,0.51875,0.5732009925558312,0.17500390284793682,0.02816836933956237,37.3,0.51875
1752356968,expert_transformer,tracking,active,4,1.0,True,,,0.0,0.9044116735458374,0.48398437499999997,0.0054687499999999944,-0.07187500000000002,0.0799348958333333,0.5837209224700928,0.0,0.5078125,0.5005296610169492,0.21544086304311347,0.07208275002774592,29.38,0.5078125
1752356968,expert_transformer,tracking,active,0,1.0,True,,,0.0,0.9045776128768921,0.5457356770833334,0.02734375,-0.007291666666666641,0.061751302083333404,0.5701162815093994,4.0,0.453125,0.5480167014613778,0.2699704634581698,0.028299276790057327,29.65,0.453125
1752356969,expert_transformer,tracking,active,0,1.0,True,,,0.0,0.902376651763916,0.5337044270833333,-0.005468750000000022,-0.001041666666666663,-0.012031250000000049,0.5848824977874756,0.0,0.4640625,0.5381799163179916,0.2581087937225966,0.005567072480841675,29.4,0.4640625
1752356969,expert_transformer,tracking,active,4,1.0,True,,,0.0,0.8592204451560974,0.9005859375,0.27421875000000007,-0.001041666666666663,0.3668815104166667,0.5684301853179932,0.0,-0.084375,0.9119496855345912,0.7085123190161904,0.2742207284670635,24.49,-0.084375
1752356970,expert_transformer,tracking,active,0,1.0,True,,,0.0,0.9166291952133179,0.7297851562500001,0.078125,0.004166666666666707,-0.17080078124999998,0.5718705654144287,4.0,-0.240625,0.7389937106918238,0.5079781201557854,0.07823603221093917,-1.0,-0.240625
1752356970,expert_transformer,reframing,active,0,0.0,True,,,-1.0,0.0,0.0,0.0,0.0,0.0,0.0,0.0,-0.240625,0.0,0.0,0.0,23.91,-0.240625
1752356971,expert_transformer,tracking,active,3,1.0,True,,,0.0,0.9599433541297913,0.7422070312500001,-0.007031250000000044,-0.0010416666666667185,0.012421875000000027,1.0301761627197266,0.0,-0.2265625,0.7484309623430963,0.5510562030988059,0.007107991699977229,25.66,-0.2265625
1752356972,expert_transformer,tracking,active,0,1.0,True,,,0.0,0.9196742177009583,0.740625,0.013281250000000022,0.0,-0.0015820312500001155,0.515244722366333,3.0,-0.253125,0.740625,0.5087217452464392,0.013281250000000022,33.05,-0.253125
1752356972,expert_transformer,tracking,active,3,1.0,True,,,0.0,0.9212263822555542,0.7453190104166666,-0.0015625000000000222,-0.001041666666666663,0.004694010416666616,0.5543842315673828,0.0,-0.25,0.7484342379958245,0.5149556516943266,0.0018778912893041774,25.93,-0.25
1752356973,expert_transformer,tracking,active,0,1.0,True,,,0.0,0.9163424968719482,0.7094563802083333,-0.017968749999999978,0.0,-0.035862630208333246,0.5835709571838379,3.0,-0.2140625,0.7124217118997912,0.5109419226929761,0.017968749999999978,28.26,-0.2140625
1752356973,expert_transformer,tracking,active,0,1.0,True,,,0.0,0.9225886464118958,0.6970833333333333,0.008593749999999956,-0.001041666666666663,-0.012373046875000071,0.5818331241607666,0.0,-0.23125,0.702928870292887,0.49439939861977467,0.008656651113851341,80.93,-0.23125
1752356974,expert_transformer,tracking,active,3,1.0,True,,,0.0,0.9343262314796448,0.6830794270833334,-0.00390625,0.002083333333333326,-0.01400390624999992,0.5740094184875488,0.0,-0.2234375,0.6888075313807531,0.49561696308327924,0.00442708333333333,-1.0,-0.2234375
1752356974,expert_transformer,tracking,active,0,1.0,True,,,0.0,0.9429046511650085,0.71419921875,0.006249999999999978,-0.002083333333333326,0.031119791666666674,0.575063943862915,3.0,-0.2359375,0.7201882845188284,0.5145363174867179,0.0065880784586841,81.46,-0.2359375
1752356975,expert_transformer,reframing,active,0,0.0,True,,,-1.0,0.0,0.0,0.0,0.0,0.0,0.0,0.0,-0.2359375,0.0,0.0,0.0,81.99,-0.2359375
1752356976,expert_transformer,tracking,active,2,1.0,True,,,0.0,0.9267686009407043,0.6673567708333333,-0.07578124999999991,0.001041666666666663,-0.046842447916666696,1.074584722518921,0.0,-0.084375,0.6701461377870563,0.5663006035756868,0.07578840888293494,82.63,-0.084375
1752356976,expert_transformer,tracking,active,3,1.0,True,,,0.0,0.9229560494422913,0.6690755208333333,0.009374999999999911,0.001041666666666663,0.0017187499999999911,0.638070821762085,2.0,-0.103125,0.6746861924686193,0.5538447967272926,0.009432692852226386,88.55,-0.103125
1752356977,expert_transformer,reframing,active,0,0.0,True,,,-1.0,0.0,0.0,0.0,0.0,0.0,0.0,3.0,-0.103125,0.0,0.0,0.0,77.45,-0.103125
1752356977,expert_transformer,reframing,active,4,0.0,True,,,-1.0,0.0,0.0,0.0,0.0,0.0,0.0,0.0,-0.103125,0.0,0.0,0.0,77.52,-0.103125
1752356978,expert_transformer,reframing,active,0,0.0,True,,,-1.0,0.0,0.0,0.0,0.0,0.0,0.0,4.0,-0.103125,0.0,0.0,0.0,77.24,-0.103125
1752356986,expert_transformer,tracking,active,1,1.0,True,,,0.0,0.9475817084312439,0.7796875,-0.12890624999999994,0.0,0.11061197916666665,9.644150257110596,4.0,0.1546875,0.7796875,0.624531763736304,0.12890624999999994,276.08,0.1546875
1752356986,expert_transformer,tracking,active,3,1.0,True,,,0.0,0.9288015961647034,0.7936555989583333,0.12499999999999994,-0.001041666666666663,0.013968098958333286,0.5542805194854736,1.0,-0.0953125,0.7969728601252609,0.6668891124079117,0.1250043402024283,-1.0,-0.0953125
1752356987,expert_transformer,tracking,active,0,1.0,True,,,0.0,0.9321128129959106,0.584716796875,-0.25468749999999996,0.0,-0.20893880208333326,0.6139435768127441,3.0,0.4140625,0.587160751565762,0.3193488388717469,0.25468749999999996,276.41,0.4140625
1752356988,expert_transformer,tracking,active,4,1.0,True,,,0.0,0.9083067774772644,0.6737434895833333,0.05156250000000001,-0.001041666666666663,0.0890266927083333,0.5722017288208008,0.0,0.3109375,0.6793933054393305,0.4216826688133569,0.05157302081218867,166.44,0.3109375
1752356988,expert_transformer,tracking,active,1,1.0,True,,,0.0,0.9243807196617126,0.6083138020833333,0.078125,-0.033333333333333326,-0.0654296875,0.5576059818267822,4.0,0.1546875,0.7045964125560538,0.47533067286112474,0.08493895888290079,136.27,0.1546875
1752356989,expert_transformer,tracking,active,2,1.0,True,,,0.0,0.9088611006736755,0.6796875,0.02656249999999999,0.03541666666666665,0.0713736979166667,0.5948982238769531,1.0,0.1015625,0.6796875,0.5550021552880935,0.044270833333333315,134.47,0.1015625
1752356989,expert_transformer,reframing,active,0,0.0,True,,,-1.0,0.0,0.0,0.0,0.0,0.0,0.0,2.0,0.1015625,0.0,0.0,0.0,134.49,0.1015625
1752356990,expert_transformer,reframing,active,0,0.0,True,,,-1.0,0.0,0.0,0.0,0.0,0.0,0.0,0.0,0.1015625,0.0,0.0,0.0,-1.0,0.1015625
1752356990,expert_transformer,tracking,active,1,1.0,True,,,0.0,0.8996120691299438,0.620947265625,0.23281249999999998,0.007291666666666696,-0.05874023437499998,1.4514977931976318,0.0,-0.3640625,0.6449044585987261,0.35524209900147075,0.23292665918487684,133.99,-0.3640625
1752356991,expert_transformer,tracking,active,4,1.0,True,,,0.0,0.9078286290168762,0.6252571614583333,0.0031250000000000444,-0.00833333333333336,0.004309895833333299,0.5590760707855225,1.0,-0.3703125,0.6278705636743215,0.3574272183170157,0.008900003901372468,134.03,-0.3703125
1752356991,expert_transformer,reframing,active,0,0.0,True,,,-1.0,0.0,0.0,0.0,0.0,0.0,0.0,4.0,-0.3703125,0.0,0.0,0.0,134.44,-0.3703125
1752356992,expert_transformer,tracking,active,2,1.0,True,,,0.0,0.8744728565216064,0.06112955729166667,-0.615625,-0.05625000000000002,-0.5641276041666666,0.9759712219238281,0.0,0.8609375,0.31635071090047395,0.007433744271662968,0.6181894556889498,135.0,0.8609375
1752356992,expert_transformer,tracking,active,4,1.0,True,,,0.0,0.8555405139923096,0.07711588541666667,0.010937500000000003,0.28854166666666664,0.015986328124999998,0.568551778793335,2.0,0.8390625,0.3358695652173913,0.010617974558396475,0.28874889144207594,135.4,0.8390625
1752356993,expert_transformer,reframing,active,0,0.0,True,,,-1.0,0.0,0.0,0.0,0.0,0.0,0.0,4.0,0.8390625,0.0,0.0,0.0,135.81,0.8390625
1752356993,expert_transformer,tracking,active,3,1.0,True,,,0.0,0.9097718000411987,0.4136979166666666,0.65390625,-0.12708333333333333,0.33658203124999997,0.966188907623291,0.0,-0.46875,0.6742021276595744,0.1999469334820363,0.6661407939768992,-1.0,-0.46875
1752356994,expert_transformer,tracking,active,1,1.0,True,,,0.0,0.9103775024414062,0.39810546875,0.008593749999999956,0.002083333333333326,-0.015592447916666585,0.5328884124755859,3.0,-0.4859375,0.6557486631016043,0.18630975048872642,0.008842670232473728,144.71,-0.4859375
1752356994,expert_transformer,tracking,active,4,1.0,True,,,0.0,0.9140492081642151,0.5484374999999999,-0.11171874999999998,0.01666666666666672,0.1503320312499999,0.5786557197570801,1.0,-0.2625,0.975,0.3697079111693892,0.11295511001871618,113.81,-0.2625
1752356995,expert_transformer,reframing,active,0,0.0,True,,,-1.0,0.0,0.0,0.0,0.0,0.0,0.0,4.0,-0.2625,0.0,0.0,0.0,111.32,-0.2625
1752356995,expert_transformer,reframing,active,2,0.0,True,,,-1.0,0.0,0.0,0.0,0.0,0.0,0.0,0.0,-0.2625,0.0,0.0,0.0,105.54,-0.2625
1752356996,expert_transformer,reframing,active,4,0.0,True,,,-1.0,0.0,0.0,0.0,0.0,0.0,0.0,2.0,-0.2625,0.0,0.0,0.0,104.61,-0.2625
1752356997,expert_transformer,tracking,active,0,1.0,True,,,0.0,0.8739463090896606,0.05364583333333334,-0.11015624999999996,-0.29583333333333334,-0.4947916666666666,2.4418575763702393,4.0,-0.0421875,0.48281250000000003,0.044905677091155664,0.3156766708598746,-1.0,-0.0421875
1752356997,expert_transformer,tracking,active,1,1.0,True,,,0.0,0.8719868659973145,0.08013020833333333,0.06484374999999998,-0.011458333333333348,0.02648437499999999,0.5639457702636719,0.0,-0.171875,0.56353591160221,0.05786315514880697,0.06584835090448565,104.29,-0.171875
1752356998,expert_transformer,tracking,active,2,1.0,True,,,0.0,0.8646095395088196,0.09057291666666667,0.014062499999999978,-0.009374999999999967,0.010442708333333342,0.5828924179077148,1.0,-0.2,0.5904255319148937,0.06264816621690988,0.016901021603737413,104.08,-0.2
1752356998,expert_transformer,reframing,active,0,0.0,True,,,-1.0,0.0,0.0,0.0,0.0,0.0,0.0,2.0,-0.2,0.0,0.0,0.0,104.43,-0.2
1752356999,expert_transformer,reframing,active,4,0.0,True,,,-1.0,0.0,0.0,0.0,0.0,0.0,0.0,0.0,-0.2,0.0,0.0,0.0,104.65,-0.2
1752356999,expert_transformer,tracking,active,1,1.0,True,,,0.0,0.8714877367019653,0.082392578125,-0.39765625,0.03854166666666664,-0.008180338541666665,1.4921152591705322,4.0,0.5953125,0.6059322033898304,0.029058230391687177,0.3995196531254839,105.01,0.5953125
1752357000,expert_transformer,tracking,active,2,1.0,True,,,0.0,0.8656322360038757,0.10791015625,-0.03828124999999999,0.027083333333333348,0.025517578124999996,0.56888747215271,1.0,0.671875,0.6538461538461539,0.03065032354197683,0.04689308100356538,105.56,0.671875
1752357000,expert_transformer,reframing,active,0,0.0,True,,,-1.0,0.0,0.0,0.0,0.0,0.0,0.0,2.0,0.671875,0.0,0.0,0.0,-1.0,0.671875
1752357001,expert_transformer,reframing,active,0,0.0,True,,,-1.0,0.0,0.0,0.0,0.0,0.0,0.0,0.0,0.671875,0.0,0.0,0.0,106.5,0.671875
1752357001,expert_transformer,reframing,active,2,0.0,True,,,-1.0,0.0,0.0,0.0,0.0,0.0,0.0,0.0,0.671875,0.0,0.0,0.0,107.51,0.671875
1752357012,expert_transformer,tracking,active,4,1.0,True,,,0.0,0.9441558718681335,0.703125,0.365625,0.020833333333333315,0.59521484375,11.775045156478882,2.0,-0.059375,1.1520000000000001,0.6244429338112241,0.3662180612733045,79.47,-0.059375
1752357012,expert_transformer,tracking,active,2,1.0,True,,,0.0,0.9343163371086121,0.40445963541666674,-0.14140624999999996,0.3427083333333334,-0.29866536458333326,0.6749560832977295,4.0,0.2234375,1.4909999999999999,0.2934577231252813,0.37073538983373794,60.27,0.2234375
1752357013,expert_transformer,tracking,active,2,1.0,True,,,0.0,0.9222919940948486,0.3650325520833333,0.25390625,0.005208333333333259,-0.039427083333333446,0.5916309356689453,2.0,-0.284375,1.3785425101214577,0.24092703589011696,0.2539596631852657,79.13,-0.284375
1752357014,expert_transformer,reframing,active,0,0.0,True,,,-1.0,0.0,0.0,0.0,0.0,0.0,0.0,2.0,-0.284375,0.0,0.0,0.0,-1.0,-0.284375
1752357014,expert_transformer,tracking,active,4,1.0,True,,,0.0,0.9422853589057922,0.4236653645833333,-0.013281250000000022,-0.028124999999999956,0.05863281250000002,1.074798583984375,0.0,-0.2578125,1.3001824817518248,0.2962913957939387,0.03110317068342869,79.39,-0.2578125
1752357015,expert_transformer,tracking,active,0,1.0,True,,,0.0,0.9520705342292786,0.4944661458333333,0.032031249999999956,-0.07916666666666672,0.07080078125,0.5823116302490234,4.0,-0.321875,0.93,0.3192386329185562,0.08540118317490464,79.3,-0.321875
1752357015,expert_transformer,tracking,active,2,1.0,True,,,0.0,0.9469977021217346,0.439375,-0.018749999999999933,0.05833333333333335,-0.0550911458333333,0.5776469707489014,0.0,-0.284375,1.1554054054054055,0.2977623419364681,0.061272671541053085,80.11,-0.284375
1752357016,expert_transformer,tracking,active,4,1.0,True,,,0.0,0.9469748139381409,0.43020833333333336,-0.010937500000000044,-0.08958333333333335,-0.009166666666666656,0.6048238277435303,2.0,-0.2625,1.2642857142857142,0.30045488660456615,0.09024855964147635,80.12,-0.2625
1752357016,expert_transformer,reframing,active,0,0.0,True,,,-1.0,0.0,0.0,0.0,0.0,0.0,0.0,4.0,-0.2625,0.0,0.0,0.0,81.09,-0.2625
1752357017,expert_transformer,reframing,active,2,0.0,True,,,-1.0,0.0,0.0,0.0,0.0,0.0,0.0,0.0,-0.2625,0.0,0.0,0.0,70.4,-0.2625
1752357017,expert_transformer,reframing,active,0,0.0,True,,,-1.0,0.0,0.0,0.0,0.0,0.0,0.0,2.0,-0.2625,0.0,0.0,0.0,-1.0,-0.2625
1752357019,expert_transformer,tracking,active,0,1.0,True,,,0.0,0.9207544326782227,0.21779296875,0.07343750000000004,-0.007291666666666585,-0.21241536458333335,3.579890012741089,4.0,-0.409375,1.601694915254237,0.11844030006666434,0.07379860980416761,69.87,-0.409375
1752357020,expert_transformer,reframing,active,2,0.0,True,,,-1.0,0.0,0.0,0.0,0.0,0.0,0.0,0.0,-0.409375,0.0,0.0,0.0,69.73,-0.409375
1752357020,expert_transformer,reframing,active,0,0.0,True,,,-1.0,0.0,0.0,0.0,0.0,0.0,0.0,2.0,-0.409375,0.0,0.0,0.0,70.69,-0.409375
1752357021,expert_transformer,reframing,active,0,0.0,True,,,-1.0,0.0,0.0,0.0,0.0,0.0,0.0,0.0,-0.409375,0.0,0.0,0.0,-1.0,-0.409375
1752357024,expert_transformer,tracking,active,1,1.0,True,,,0.0,0.9524937868118286,0.2719010416666666,-0.012500000000000067,-0.23645833333333338,0.05410807291666661,4.8652870655059814,1.0,-0.384375,1.3938679245283019,0.15943705751433537,0.23678849930429013,164.74,-0.384375
1752357025,expert_transformer,tracking,active,0,1.0,True,,,0.0,0.9348254203796387,0.7596321614583333,-0.1851562499999999,0.055208333333333304,0.4877311197916667,0.5316100120544434,1.0,-0.0140625,1.2715633423180592,0.7001373435878947,0.1932117930756477,165.74,-0.0140625
1752357025,expert_transformer,tracking,active,4,1.0,True,,,0.0,0.9566817283630371,0.3977864583333333,0.08359374999999991,-0.11249999999999999,-0.36184570312500003,0.5845727920532227,0.0,-0.18125,1.6595744680851063,0.31157943611615335,0.14015764352707447,167.01,-0.18125
1752357026,expert_transformer,reframing,active,4,0.0,True,,,-1.0,0.0,0.0,0.0,0.0,0.0,0.0,4.0,-0.18125,0.0,0.0,0.0,179.3,-0.18125
1752357026,expert_transformer,reframing,active,0,0.0,True,,,-1.0,0.0,0.0,0.0,0.0,0.0,0.0,4.0,-0.18125,0.0,0.0,0.0,-1.0,-0.18125
1752357027,expert_transformer,reframing,active,2,0.0,True,,,-1.0,0.0,0.0,0.0,0.0,0.0,0.0,0.0,-0.18125,0.0,0.0,0.0,133.58,-0.18125
1752357037,expert_transformer,tracking,active,2,1.0,True,,,0.0,0.8254203796386719,0.07505859375,-0.48749999999999993,0.0625,-0.3227278645833333,11.534233808517456,4.0,0.79375,0.5163934426229508,0.012778196670580657,0.4914900812834374,190.71,0.79375
1752357038,expert_transformer,reframing,active,2,0.0,True,,,-1.0,0.0,0.0,0.0,0.0,0.0,0.0,2.0,0.79375,0.0,0.0,0.0,190.54,0.79375
1752357038,expert_transformer,reframing,active,4,0.0,True,,,-1.0,0.0,0.0,0.0,0.0,0.0,0.0,2.0,0.79375,0.0,0.0,0.0,190.38,0.79375
1752357038,expert_transformer,reframing,active,4,0.0,True,,,-1.0,0.0,0.0,0.0,0.0,0.0,0.0,4.0,0.79375,0.0,0.0,0.0,191.26,0.79375
