timestamp,source,goal_id,goal_status,selected_action,reward,success,state_vector,action_probs,model_name,is_searching
1751759213,manual,manual_tracking,active,0,1,TRUE,"[1.0, 0.6180405616760254, 0.0360546875, 0.0, 0.0, 0.0, 81.61710500717163, 0.0, 0.878125, 0.4119718309859155, 0.0027157722288393407, 0.0, -1.0, 0.0, 0.0]",,,TRUE
1751759214,manual,manual_tracking,active,0,1,TRUE,"[0.0, 0.5070898532867432, 0.19921875000000003, 0.05859375000000001, 0.06458333333333333, 0.16316406250000004, 0.5708794593811035, 0.0, 0.7609375, 0.286875, 0.024150525666482278, 0.08720226191737772, -1.0, 0.878125, 0.0]",,,TRUE
1751759214,manual,manual_tracking,active,0,1,TRUE,"[0.0, 0.8571187853813171, 0.244921875, 0.021093749999999994, -0.02291666666666664, 0.04570312499999998, 0.4626021385192871, 0.0, 0.71875, 0.3229665071770335, 0.059042008128744786, 0.031146747826596755, -1.0, 0.7609375, 0.0]",,,TRUE
1751759215,manual,manual_tracking,active,0,1,TRUE,"[0.0, 0.8687716722488403, 0.22587239583333335, -0.010937499999999989, 0.0, -0.01904947916666666, 0.4600796699523926, 0.0, 0.740625, 0.29784688995215314, 0.05089755543927217, 0.010937499999999989, -1.0, 0.71875, 0.0]",,,TRUE
1751759215,manual,manual_tracking,active,0,1,TRUE,"[0.0, 0.858581006526947, 0.24823567708333333, 0.012499999999999983, 0.001041666666666663, 0.022363281249999978, 0.43762803077697754, 0.0, 0.715625, 0.32577565632458233, 0.060608968160111555, 0.012543327686241957, -1.0, 0.740625, 0.0]",,,TRUE
1751759216,manual,manual_tracking,active,0,1,TRUE,"[0.0, 0.8274257779121399, 0.25580729166666666, 0.004687500000000011, 0.003124999999999989, 0.00757161458333333, 0.42549872398376465, 0.0, 0.70625, 0.3373205741626794, 0.062175579520223734, 0.005633673867912486, -1.0, 0.715625, 0.0]",,,TRUE
1751759216,manual,manual_tracking,active,0,1,TRUE,"[0.0, 0.7372676730155945, 0.2478515625, 0.0, 0.011458333333333348, -0.007955729166666647, 0.46540403366088867, 0.0, 0.70625, 0.34814814814814815, 0.05367780251668591, 0.011458333333333348, -1.0, 0.70625, 0.0]",,,TRUE
1751759217,manual,manual_tracking,active,0,1,TRUE,"[1.0, 0.7923611402511597, 0.270703125, 0.024999999999999994, 0.030208333333333337, 0.022851562499999978, 0.4833357334136963, 0.0, 0.65625, 0.4365079365079365, 0.07373253139812731, 0.03921152130149731, -1.0, 0.70625, 0.0]",,,TRUE
1751759217,manual,manual_tracking,active,0,1,TRUE,"[1.0, 0.8754792809486389, 0.30515624999999996, 0.04609374999999999, 0.04375000000000001, 0.03445312499999997, 0.4668900966644287, 0.0, 0.5640625, 0.6227678571428571, 0.11646417943316918, 0.06355073791123515, -1.0, 0.65625, 0.0]",,,TRUE
1751759217,manual,manual_tracking,active,0,1,TRUE,"[0.0, 0.534066915512085, 0.41070963541666666, 0.07109375000000001, -0.0010416666666667185, 0.1055533854166667, 0.41700100898742676, 0.0, 0.421875, 0.813782991202346, 0.12680965377888545, 0.0711013808481027, -1.0, 0.5640625, 0.0]",,,TRUE
1751759218,manual,manual_tracking,active,0,1,TRUE,"[0.0, 0.8490793704986572, 0.6005240885416667, 0.13359375, -0.018749999999999933, 0.18981445312500006, 0.4628782272338867, 0.0, 0.1546875, 1.1898826979472141, 0.4310186011748702, 0.13490312279210773, -1.0, 0.421875, 0.0]",,,TRUE
1751759218,manual,manual_tracking,active,0,1,TRUE,"[0.0, 0.9712783694267273, 0.7423372395833334, 0.07812499999999994, 0.0031249999999999334, 0.1418131510416667, 0.5301079750061035, 0.0, -0.0015625, 1.3344972067039107, 0.7198895159653204, 0.07818747501997997, -1.0, 0.1546875, 0.0]",,,TRUE
1751759219,manual,manual_tracking,active,0,1,TRUE,"[0.0, 0.9894212484359741, 0.6511067708333332, 0.07109375000000007, -0.021874999999999978, -0.09123046875000018, 0.5224044322967529, 0.0, -0.14375, 1.126027397260274, 0.5516124109164713, 0.07438304184464702, -1.0, -0.0015625, 0.0]",,,TRUE
1751759220,manual,manual_tracking,active,0,1,TRUE,"[0.0, 0.991615355014801, 0.5461100260416667, 0.07890624999999996, -0.008333333333333304, -0.10499674479166654, 0.5113658905029297, 0.0, -0.3015625, 0.8852785145888594, 0.3782256188213296, 0.07934507378222631, -1.0, -0.14375, 0.0]",,,TRUE
1751759220,manual,manual_tracking,active,0,1,TRUE,"[0.0, 0.9894850850105286, 0.408037109375, 0.09062500000000007, -0.012500000000000011, -0.1380729166666667, 0.6156604290008545, 0.0, -0.4828125, 0.6476377952755905, 0.20881271219810968, 0.09148300730190287, -1.0, -0.3015625, 0.0]",,,TRUE
1751759221,manual,manual_tracking,active,0,1,TRUE,"[0.0, 0.9887957572937012, 0.26637369791666665, 0.06562499999999993, 0.036458333333333315, -0.14166341145833333, 0.4755992889404297, 0.0, -0.6140625, 0.5501497005988024, 0.10165176256499156, 0.07507230311136348, -1.0, -0.4828125, 0.0]",,,TRUE
1751759243,manual,manual_tracking,active,0,1,TRUE,"[0.0, 0.5574649572372437, 0.34954427083333334, -0.171875, -0.25625, 0.08317057291666669, 22.435174703598022, 0.0, -0.2703125, 1.4459745762711864, 0.14218594451649552, 0.30855320144992826, -1.0, -0.6140625, 0.0]",,,TRUE
1751759497,manual,manual_tracking,active,0,1,TRUE,"[0.0, 0.8131089806556702, 0.31979492187499997, 0.0, 0.0, 0.0, 107.87471842765808, 0.0, 0.6421875, 0.4003496503496503, 0.09304131274112931, 0.0, -1.0, 0.0, 0.0]",,,TRUE
1751759497,manual,manual_tracking,active,0,1,TRUE,"[0.0, 0.6515331864356995, 0.5446647135416667, 0.17343750000000002, 0.04583333333333339, 0.2248697916666667, 0.5577428340911865, 0.0, 0.2953125, 0.9117250673854448, 0.2500704351486769, 0.1793913622521844, -1.0, 0.6421875, 0.0]",,,TRUE
1751759497,manual,manual_tracking,active,0,1,TRUE,"[0.0, 0.9347687363624573, 0.81875, 0.14765625, 0.018749999999999933, 0.2740852864583333, 0.42656373977661133, 0.0, -0.0, 1.2213740458015268, 0.7653419028967618, 0.1488419653997571, -1.0, 0.2953125, 0.0]",,,TRUE
1751759498,manual,manual_tracking,active,0,1,TRUE,"[0.0, 0.9838159680366516, 0.79646484375, 0.014843750000000044, -0.02812500000000001, -0.022285156249999938, 0.41495513916015625, 0.0, -0.0296875, 1.1821065989847717, 0.7603124534580038, 0.031801769432886935, -1.0, -0.0, 0.0]",,,TRUE
1751759498,manual,manual_tracking,active,0,1,TRUE,"[0.0, 0.9898937344551086, 0.600908203125, 0.11249999999999993, -0.017708333333333326, -0.195556640625, 0.4386734962463379, 0.0, -0.2546875, 0.9244186046511628, 0.44333815863619846, 0.11388518371344197, -1.0, -0.0296875, 0.0]",,,TRUE
1751759499,manual,manual_tracking,active,0,1,TRUE,"[0.0, 0.9889776110649109, 0.44560546875, 0.09687500000000004, -0.011458333333333293, -0.15530273437500003, 0.43566131591796875, 0.0, -0.4484375, 0.675, 0.2430701916914495, 0.09755028973702634, -1.0, -0.2546875, 0.0]",,,TRUE
1751759499,manual,manual_tracking,active,0,1,TRUE,"[0.0, 0.9615163207054138, 0.33975260416666664, 0.06406250000000002, -0.0020833333333333814, -0.10585286458333337, 0.4550154209136963, 0.0, -0.5765625, 0.5199742268041236, 0.138327577545595, 0.06409636638708766, -1.0, -0.4484375, 0.0]",,,TRUE
1751759500,manual,manual_tracking,active,0,1,TRUE,"[0.0, 0.951154351234436, 0.31161458333333336, 0.016406249999999956, 0.004166666666666707, -0.028138020833333277, 0.4214916229248047, 0.0, -0.609375, 0.48186528497409326, 0.11577873704906477, 0.0169270833333333, -1.0, -0.5765625, 0.0]",,,TRUE
1751759500,manual,manual_tracking,active,0,1,TRUE,"[0.0, 0.9757206439971924, 0.28950195312500004, 0.013281250000000022, 0.001041666666666663, -0.022112630208333317, 0.43869781494140625, 0.0, -0.6359375, 0.45, 0.10283783826404033, 0.013322037044196544, -1.0, -0.609375, 0.0]",,,TRUE
1751759500,manual,manual_tracking,active,0,1,TRUE,"[0.0, 0.9663454294204712, 0.20711914062499998, 0.04999999999999993, 0.0, -0.08238281250000007, 0.42938828468322754, 0.0, -0.7359375, 0.328740157480315, 0.05285174890023517, 0.04999999999999993, -1.0, -0.6359375, 0.0]",,,TRUE
1751759501,manual,manual_tracking,active,0,1,TRUE,"[0.0, 0.9420955181121826, 0.18641276041666666, 0.0234375, -0.017708333333333326, -0.02070638020833332, 0.43187952041625977, 0.0, -0.7828125, 0.2458133971291866, 0.03814217035771434, 0.029375184692090776, -1.0, -0.7359375, 0.0]",,,TRUE
1751759501,manual,manual_tracking,active,0,1,TRUE,"[0.0, 0.738611102104187, 0.40468750000000003, -0.12421874999999993, 0.002083333333333326, 0.21827473958333338, 0.43666887283325195, 0.0, -0.534375, 0.5285714285714286, 0.13917842305323574, 0.12423621907213798, -1.0, -0.7828125, 0.0]",,,TRUE
1751759502,manual,manual_tracking,active,0,1,TRUE,"[0.0, 0.9421643018722534, 0.4923795572916667, -0.05078125, -0.009375000000000022, 0.08769205729166668, 0.43488430976867676, 0.0, -0.4328125, 0.64618138424821, 0.2631196662378588, 0.05163938396768982, -1.0, -0.534375, 0.0]",,,TRUE
1751759502,manual,manual_tracking,active,0,1,TRUE,"[0.0, 0.9197877645492554, 0.4875162760416667, -0.018750000000000044, -0.03125, -0.004863281250000018, 0.4472932815551758, 0.0, -0.3953125, 0.7422879177377892, 0.2711488323661161, 0.03644344934278315, -1.0, -0.4328125, 0.0]",,,TRUE
1751759503,manual,manual_tracking,active,0,1,TRUE,"[0.0, 0.9744507670402527, 0.5642187500000001, -0.06562499999999993, 0.021875000000000033, 0.0767024739583334, 0.4247305393218994, 0.0, -0.2640625, 0.9599184782608695, 0.40462093506286334, 0.06917482381618324, -1.0, -0.3953125, 0.0]",,,TRUE
1751759503,manual,manual_tracking,active,0,1,TRUE,"[0.0, 0.9870418310165405, 0.7579394531250001, -0.12812500000000004, 0.046875, 0.193720703125, 0.43127870559692383, 0.0, -0.0078125, 1.282520325203252, 0.7422732741620803, 0.13643049970589424, -1.0, -0.2640625, 0.0]",,,TRUE
1751759503,manual,manual_tracking,active,0,1,TRUE,"[0.0, 0.9866586327552795, 0.73509765625, -0.021874999999999978, 0.003124999999999989, -0.022841796875000098, 0.4257326126098633, 0.0, 0.0359375, 1.264344262295082, 0.6992253229658035, 0.022097086912079587, -1.0, -0.0078125, 0.0]",,,TRUE
1751759504,manual,manual_tracking,active,0,1,TRUE,"[0.0, 0.9709487557411194, 0.4803125, -0.15078125000000003, 0.004166666666666652, -0.25478515625000003, 0.4407687187194824, 0.0, 0.3375, 0.9137931034482759, 0.30896272106026296, 0.15083880953744505, -1.0, 0.0359375, 0.0]",,,TRUE
1751759504,manual,manual_tracking,active,0,1,TRUE,"[0.0, 0.8797150254249573, 0.26773763020833335, -0.14921874999999998, 0.046875000000000056, -0.21257486979166662, 0.41727113723754883, 0.0, 0.6359375, 0.495042492917847, 0.08574866588541318, 0.15640812311565697, -1.0, 0.3375, 0.0]",,,TRUE
1751759518,manual,manual_tracking,active,0,1,TRUE,"[1.0, 0.6204721927642822, 0.17752929687500002, -0.0578125, 0.008333333333333304, -0.09020833333333333, 13.946053266525269, 0.0, 0.7515625, 0.34766763848396504, 0.027365885540308228, 0.05841001284621023, -1.0, 0.6359375, 0.0]",,,TRUE
1751759519,manual,manual_tracking,active,0,1,TRUE,"[1.0, 0.5111792683601379, 0.4468229166666666, 0.16328125, -0.050000000000000044, 0.2692936197916666, 0.4300575256347656, 0.0, 0.425, 0.7399463806970509, 0.13133380168622047, 0.1707652382704469, -1.0, 0.7515625, 0.0]",,,TRUE
1751759519,manual,manual_tracking,active,0,1,TRUE,"[0.0, 0.8381946086883545, 0.7256347656250001, 0.16640625000000003, 0.0, 0.27881184895833344, 0.4373183250427246, 0.0, 0.0921875, 1.1279220779220778, 0.5521525769284017, 0.16640625000000003, -1.0, 0.425, 0.0]",,,TRUE
1751759520,manual,manual_tracking,active,0,1,TRUE,"[0.0, 0.9829711318016052, 0.8136328125, 0.04765625000000001, 0.0, 0.0879980468749999, 0.4370596408843994, 0.0, -0.003125, 1.2137404580152673, 0.7972782616785042, 0.04765625000000001, -1.0, 0.0921875, 0.0]",,,TRUE
1751759520,manual,manual_tracking,active,0,1,TRUE,"[0.0, 0.9943705201148987, 0.5202832031250001, 0.19453124999999993, -0.020833333333333315, -0.2933496093749999, 0.4372885227203369, 0.0, -0.3921875, 0.7027845036319613, 0.3144543978860902, 0.1956436428927356, -1.0, -0.003125, 0.0]",,,TRUE
1751761341,manual,manual_search,active,4,0.5,TRUE,"[-1.0, 0.0, 0.0, 0.0, 0.0, 0.0, 0.0, 0.0, 0.0, 0.0, 0.0, 0.0, -1.0, 0.0, 1.0]",,,TRUE
1751761349,manual,manual_search,active,0,0.5,TRUE,"[-1.0, 0.0, 0.0, 0.0, 0.0, 0.0, 0.0, 4.0, 0.0, 0.0, 0.0, 0.0, -1.0, 0.0, 1.0]",,,TRUE
1751761430,manual,manual_search,active,0,0.5,TRUE,"[-1.0, 0.0, 0.0, 0.0, 0.0, 0.0, 0.0, 0.0, 0.0, 0.0, 0.0, 0.0, -1.0, 0.0, 1.0]",,,TRUE
1751761500,manual,manual_search,active,4,0.5,TRUE,"[-1.0, 0.0, 0.0, 0.0, 0.0, 0.0, 0.0, 0.0, 0.0, 0.0, 0.0, 0.0, -1.0, 0.0, 1.0]",,,TRUE
1751761506,manual,manual_search,active,0,0.5,TRUE,"[-1.0, 0.0, 0.0, 0.0, 0.0, 0.0, 0.0, 4.0, 0.0, 0.0, 0.0, 0.0, -1.0, 0.0, 1.0]",,,TRUE
1751761798,manual,manual_search,active,4,0.5,TRUE,"[-1.0, 0.0, 0.0, 0.0, 0.0, 0.0, 0.0, 0.0, 0.0, 0.0, 0.0, 0.0, -1.0, 0.0, 1.0]",,,TRUE
1751761799,manual,manual_search,active,3,0.5,TRUE,"[-1.0, 0.0, 0.0, 0.0, 0.0, 0.0, 0.0, 4.0, 0.0, 0.0, 0.0, 0.0, -1.0, 0.0, 1.0]",,,TRUE
1751761800,manual,manual_search,active,4,0.5,TRUE,"[-1.0, 0.0, 0.0, 0.0, 0.0, 0.0, 0.0, 3.0, 0.0, 0.0, 0.0, 0.0, -1.0, 0.0, 1.0]",,,TRUE
1751761801,manual,manual_search,active,4,0.5,TRUE,"[-1.0, 0.0, 0.0, 0.0, 0.0, 0.0, 0.0, 4.0, 0.0, 0.0, 0.0, 0.0, -1.0, 0.0, 1.0]",,,TRUE
1751761806,manual,manual_search,active,4,0.5,TRUE,"[-1.0, 0.0, 0.0, 0.0, 0.0, 0.0, 0.0, 4.0, 0.0, 0.0, 0.0, 0.0, -1.0, 0.0, 1.0]",,,TRUE
1751761807,manual,manual_search,active,3,0.5,TRUE,"[-1.0, 0.0, 0.0, 0.0, 0.0, 0.0, 0.0, 4.0, 0.0, 0.0, 0.0, 0.0, -1.0, 0.0, 1.0]",,,TRUE
1751761807,manual,manual_search,active,4,0.5,TRUE,"[-1.0, 0.0, 0.0, 0.0, 0.0, 0.0, 0.0, 3.0, 0.0, 0.0, 0.0, 0.0, -1.0, 0.0, 1.0]",,,TRUE
1751761808,manual,manual_search,active,4,0.5,TRUE,"[-1.0, 0.0, 0.0, 0.0, 0.0, 0.0, 0.0, 4.0, 0.0, 0.0, 0.0, 0.0, -1.0, 0.0, 1.0]",,,TRUE
1751761810,manual,manual_search,active,2,0.5,TRUE,"[-1.0, 0.0, 0.0, 0.0, 0.0, 0.0, 0.0, 4.0, 0.0, 0.0, 0.0, 0.0, -1.0, 0.0, 1.0]",,,TRUE
1751761812,manual,manual_search,active,2,0.5,TRUE,"[-1.0, 0.0, 0.0, 0.0, 0.0, 0.0, 0.0, 2.0, 0.0, 0.0, 0.0, 0.0, -1.0, 0.0, 1.0]",,,TRUE
1751761813,manual,manual_search,active,1,0.5,TRUE,"[-1.0, 0.0, 0.0, 0.0, 0.0, 0.0, 0.0, 2.0, 0.0, 0.0, 0.0, 0.0, -1.0, 0.0, 1.0]",,,TRUE
1751761814,manual,manual_search,active,2,0.5,TRUE,"[-1.0, 0.0, 0.0, 0.0, 0.0, 0.0, 0.0, 1.0, 0.0, 0.0, 0.0, 0.0, -1.0, 0.0, 1.0]",,,TRUE
1751761816,manual,manual_search,active,3,0.5,TRUE,"[-1.0, 0.0, 0.0, 0.0, 0.0, 0.0, 0.0, 2.0, 0.0, 0.0, 0.0, 0.0, -1.0, 0.0, 1.0]",,,TRUE
1751761820,manual,manual_search,active,0,0.5,TRUE,"[-1.0, 0.0, 0.0, 0.0, 0.0, 0.0, 0.0, 3.0, 0.0, 0.0, 0.0, 0.0, -1.0, 0.0, 1.0]",,,TRUE
1751761822,manual,manual_search,active,4,0.5,TRUE,"[-1.0, 0.0, 0.0, 0.0, 0.0, 0.0, 0.0, 0.0, 0.0, 0.0, 0.0, 0.0, -1.0, 0.0, 1.0]",,,TRUE
1751761824,manual,manual_search,active,0,0.5,TRUE,"[-1.0, 0.0, 0.0, 0.0, 0.0, 0.0, 0.0, 4.0, 0.0, 0.0, 0.0, 0.0, -1.0, 0.0, 1.0]",,,TRUE
1751761901,manual,manual_search,active,3,0.5,TRUE,"[-1.0, 0.0, 0.0, 0.0, 0.0, 0.0, 0.0, 0.0, 0.0, 0.0, 0.0, 0.0, -1.0, 0.0, 1.0]",,,TRUE
1751761903,manual,manual_search,active,2,0.5,TRUE,"[-1.0, 0.0, 0.0, 0.0, 0.0, 0.0, 0.0, 3.0, 0.0, 0.0, 0.0, 0.0, -1.0, 0.0, 1.0]",,,TRUE
1751761909,manual,manual_search,active,0,0.5,TRUE,"[-1.0, 0.0, 0.0, 0.0, 0.0, 0.0, 0.0, 2.0, 0.0, 0.0, 0.0, 0.0, -1.0, 0.0, 1.0]",,,TRUE
1751761915,manual,manual_search,active,0,0.5,TRUE,"[-1.0, 0.0, 0.0, 0.0, 0.0, 0.0, 0.0, 0.0, 0.0, 0.0, 0.0, 0.0, -1.0, 0.0, 1.0]",,,TRUE
1751761941,manual,manual_search,active,1,0.5,TRUE,"[-1.0, 0.0, 0.0, 0.0, 0.0, 0.0, 0.0, 0.0, 0.0, 0.0, 0.0, 0.0, -1.0, 0.0, 1.0]",,,TRUE
1751761943,manual,manual_search,active,2,0.5,TRUE,"[-1.0, 0.0, 0.0, 0.0, 0.0, 0.0, 0.0, 1.0, 0.0, 0.0, 0.0, 0.0, -1.0, 0.0, 1.0]",,,TRUE
1751761946,manual,manual_tracking,active,2,1,TRUE,"[0.0, 0.9790311455726624, 0.2005078125, -0.65859375, 0.25104166666666666, 0.19697591145833332, 30.56837773323059, 2.0, 0.640625, 0.36864406779661013, 0.0705465319916766, 0.7048174557584682, -1.0, 0.0, 0.0]",,,TRUE
1751761947,manual,manual_search,active,0,0.5,TRUE,"[-1.0, 0.0, 0.0, 0.0, 0.0, 0.0, 0.0, 2.0, 0.640625, 0.0, 0.0, 0.0, -1.0, 0.640625, 1.0]",,,TRUE
1751761949,manual,manual_search,active,4,0.5,TRUE,"[-1.0, 0.0, 0.0, 0.0, 0.0, 0.0, 0.0, 0.0, 0.640625, 0.0, 0.0, 0.0, -1.0, 0.640625, 1.0]",,,TRUE
1751761951,manual,manual_search,active,0,0.5,TRUE,"[-1.0, 0.0, 0.0, 0.0, 0.0, 0.0, 0.0, 4.0, 0.640625, 0.0, 0.0, 0.0, -1.0, 0.640625, 1.0]",,,TRUE
1751761954,manual,manual_search,active,3,0.5,TRUE,"[-1.0, 0.0, 0.0, 0.0, 0.0, 0.0, 0.0, 0.0, 0.640625, 0.0, 0.0, 0.0, -1.0, 0.640625, 1.0]",,,TRUE
1751761957,manual,manual_search,active,4,0.5,TRUE,"[-1.0, 0.0, 0.0, 0.0, 0.0, 0.0, 0.0, 3.0, 0.640625, 0.0, 0.0, 0.0, -1.0, 0.640625, 1.0]",,,TRUE
1751761958,manual,manual_search,active,4,0.5,TRUE,"[-1.0, 0.0, 0.0, 0.0, 0.0, 0.0, 0.0, 4.0, 0.640625, 0.0, 0.0, 0.0, -1.0, 0.640625, 1.0]",,,TRUE
1751761961,manual,manual_search,active,4,0.5,TRUE,"[-1.0, 0.0, 0.0, 0.0, 0.0, 0.0, 0.0, 4.0, 0.640625, 0.0, 0.0, 0.0, -1.0, 0.640625, 1.0]",,,TRUE
1751761965,manual,manual_search,active,1,0.5,TRUE,"[-1.0, 0.0, 0.0, 0.0, 0.0, 0.0, 0.0, 4.0, 0.640625, 0.0, 0.0, 0.0, -1.0, 0.640625, 1.0]",,,TRUE
1751761967,manual,manual_search,active,4,0.5,TRUE,"[-1.0, 0.0, 0.0, 0.0, 0.0, 0.0, 0.0, 1.0, 0.640625, 0.0, 0.0, 0.0, -1.0, 0.640625, 1.0]",,,TRUE
1751761968,manual,manual_search,active,0,0.5,TRUE,"[-1.0, 0.0, 0.0, 0.0, 0.0, 0.0, 0.0, 4.0, 0.640625, 0.0, 0.0, 0.0, -1.0, 0.640625, 1.0]",,,TRUE
1751761969,manual,manual_tracking,active,2,1,TRUE,"[0.0, 0.9695004820823669, 0.0026432291666666666, 0.61484375, -0.19583333333333333, -0.19786458333333332, 23.097989320755005, 0.0, -0.5890625, 0.7767857142857143, 0.0010530733487527563, 0.6452778714309882, -1.0, 0.640625, 0.0]",,,TRUE
1751761971,manual,manual_search,active,0,0.5,TRUE,"[-1.0, 0.0, 0.0, 0.0, 0.0, 0.0, 0.0, 2.0, -0.5890625, 0.0, 0.0, 0.0, -1.0, -0.5890625, 1.0]",,,TRUE
1751761972,manual,manual_search,active,4,0.5,TRUE,"[-1.0, 0.0, 0.0, 0.0, 0.0, 0.0, 0.0, 0.0, -0.5890625, 0.0, 0.0, 0.0, -1.0, -0.5890625, 1.0]",,,TRUE
1751761984,manual,manual_search,active,0,0.5,TRUE,"[-1.0, 0.0, 0.0, 0.0, 0.0, 0.0, 0.0, 4.0, -0.5890625, 0.0, 0.0, 0.0, -1.0, -0.5890625, 1.0]",,,TRUE
1751761998,manual,manual_search,active,4,0.5,TRUE,"[-1.0, 0.0, 0.0, 0.0, 0.0, 0.0, 0.0, 0.0, -0.5890625, 0.0, 0.0, 0.0, -1.0, -0.5890625, 1.0]",,,TRUE
1751762003,manual,manual_search,active,0,0.5,TRUE,"[-1.0, 0.0, 0.0, 0.0, 0.0, 0.0, 0.0, 4.0, -0.5890625, 0.0, 0.0, 0.0, -1.0, -0.5890625, 1.0]",,,TRUE
1751762003,manual,manual_search,active,4,0.5,TRUE,"[-1.0, 0.0, 0.0, 0.0, 0.0, 0.0, 0.0, 0.0, -0.5890625, 0.0, 0.0, 0.0, -1.0, -0.5890625, 1.0]",,,TRUE
1751762004,manual,manual_search,active,0,0.5,TRUE,"[-1.0, 0.0, 0.0, 0.0, 0.0, 0.0, 0.0, 4.0, -0.5890625, 0.0, 0.0, 0.0, -1.0, -0.5890625, 1.0]",,,TRUE
1751762069,manual,manual_search,active,4,0.5,TRUE,"[-1.0, 0.0, 0.0, 0.0, 0.0, 0.0, 0.0, 0.0, -0.5890625, 0.0, 0.0, 0.0, -1.0, -0.5890625, 1.0]",,,TRUE
1751762086,manual,manual_search,active,0,0.5,TRUE,"[-1.0, 0.0, 0.0, 0.0, 0.0, 0.0, 0.0, 4.0, -0.5890625, 0.0, 0.0, 0.0, -1.0, -0.5890625, 1.0]",,,TRUE
1751762109,manual,manual_search,active,4,0.5,TRUE,"[-1.0, 0.0, 0.0, 0.0, 0.0, 0.0, 0.0, 0.0, -0.5890625, 0.0, 0.0, 0.0, -1.0, -0.5890625, 1.0]",,,TRUE
1751762111,manual,manual_search,active,0,0.5,TRUE,"[-1.0, 0.0, 0.0, 0.0, 0.0, 0.0, 0.0, 4.0, -0.5890625, 0.0, 0.0, 0.0, -1.0, -0.5890625, 1.0]",,,TRUE
1751762115,manual,manual_search,active,2,1,TRUE,"[-1.0, 0.0, 0.0, 0.0, 0.0, 0.0, 0.0, 0.0, -0.5890625, 0.0, 0.0, 0.0, -1.0, -0.5890625, 1.0]",,,TRUE
1751762118,manual,manual_tracking,active,0,1,TRUE,"[0.0, 0.9445944428443909, 0.6877473958333334, -0.4484375, 0.2875, 0.6851953125000001, 147.98714661598206, 2.0, 0.30625, 0.6935146443514645, 0.4506893929282524, 0.532684185429087, -1.0, -0.5890625, 0.0]",,,TRUE
1751762148,manual,manual_tracking,active,4,1,TRUE,"[0.0, 0.9798920750617981, 0.0031282552083333336, 0.0, 0.001041666666666663, 0.0001009114583333335, 1.141059160232544, 0.0, 0.1484375, 0.75, 0.002610339227565722, 0.001041666666666663, -1.0, 0.30625, 0.0]",,,TRUE
1751762150,manual,manual_search,active,1,0.5,TRUE,"[-1.0, 0.0, 0.0, 0.0, 0.0, 0.0, 0.0, 4.0, 0.1484375, 0.0, 0.0, 0.0, -1.0, 0.1484375, 1.0]",,,TRUE
1751762150,manual,manual_search,active,2,0.5,TRUE,"[-1.0, 0.0, 0.0, 0.0, 0.0, 0.0, 0.0, 1.0, 0.1484375, 0.0, 0.0, 0.0, -1.0, 0.1484375, 1.0]",,,TRUE
1751762152,manual,manual_search,active,4,0.5,TRUE,"[-1.0, 0.0, 0.0, 0.0, 0.0, 0.0, 0.0, 2.0, 0.1484375, 0.0, 0.0, 0.0, -1.0, 0.1484375, 1.0]",,,TRUE
1751762155,manual,manual_search,active,0,0.5,TRUE,"[-1.0, 0.0, 0.0, 0.0, 0.0, 0.0, 0.0, 4.0, 0.1484375, 0.0, 0.0, 0.0, -1.0, 0.1484375, 1.0]",,,TRUE
1751762156,manual,manual_search,active,4,0.5,TRUE,"[-1.0, 0.0, 0.0, 0.0, 0.0, 0.0, 0.0, 0.0, 0.1484375, 0.0, 0.0, 0.0, -1.0, 0.1484375, 1.0]",,,TRUE
1751762159,manual,manual_search,active,2,0.5,TRUE,"[-1.0, 0.0, 0.0, 0.0, 0.0, 0.0, 0.0, 4.0, 0.1484375, 0.0, 0.0, 0.0, -1.0, 0.1484375, 1.0]",,,TRUE
1751762164,manual,manual_search,active,0,0.5,TRUE,"[-1.0, 0.0, 0.0, 0.0, 0.0, 0.0, 0.0, 2.0, 0.1484375, 0.0, 0.0, 0.0, -1.0, 0.1484375, 1.0]",,,TRUE
1751762166,manual,manual_search,active,2,0.5,TRUE,"[-1.0, 0.0, 0.0, 0.0, 0.0, 0.0, 0.0, 0.0, 0.1484375, 0.0, 0.0, 0.0, -1.0, 0.1484375, 1.0]",,,TRUE
1751762172,manual,manual_search,active,0,0.5,TRUE,"[-1.0, 0.0, 0.0, 0.0, 0.0, 0.0, 0.0, 2.0, 0.1484375, 0.0, 0.0, 0.0, -1.0, 0.1484375, 1.0]",,,TRUE
1751762225,manual,manual_tracking,active,4,1,TRUE,"[0.0, 0.9818786978721619, 0.004427083333333333, 0.0, 0.0, 0.0, 0.5333986282348633, 0.0, 0.5, 0.8823529411764706, 0.0021734294093524414, 0.0, -1.0, 0.1484375, 0.0]",,,TRUE
1751762228,manual,manual_search,active,0,1,TRUE,"[-1.0, 0.0, 0.0, 0.0, 0.0, 0.0, 0.0, 4.0, 0.5, 0.0, 0.0, 0.0, -1.0, 0.5, 1.0]",,,TRUE
1751762231,manual,manual_tracking,active,2,1,TRUE,"[0.0, 0.9807410836219788, 0.005442708333333333, 0.0007812500000000666, 0.001041666666666663, -1.627604166666661e-05, 0.5339663028717041, 0.0, -0.209375, 0.8684210526315791, 0.004220267438043568, 0.0013020833333333703, -1.0, 0.5, 0.0]",,,TRUE
1751762236,manual,manual_search,active,0,1,TRUE,"[-1.0, 0.0, 0.0, 0.0, 0.0, 0.0, 0.0, 2.0, -0.209375, 0.0, 0.0, 0.0, -1.0, -0.209375, 1.0]",,,TRUE
1751762272,manual,manual_search,active,4,1,TRUE,"[-1.0, 0.0, 0.0, 0.0, 0.0, 0.0, 0.0, 0.0, -0.209375, 0.0, 0.0, 0.0, -1.0, -0.209375, 1.0]",,,TRUE
1751762277,manual,manual_search,active,0,1,TRUE,"[-1.0, 0.0, 0.0, 0.0, 0.0, 0.0, 0.0, 4.0, -0.209375, 0.0, 0.0, 0.0, -1.0, -0.209375, 1.0]",,,TRUE
1751762302,manual,manual_search,active,3,1,TRUE,"[-1.0, 0.0, 0.0, 0.0, 0.0, 0.0, 0.0, 0.0, -0.209375, 0.0, 0.0, 0.0, -1.0, -0.209375, 1.0]",,,TRUE
1751762319,manual,manual_search,active,0,1,TRUE,"[-1.0, 0.0, 0.0, 0.0, 0.0, 0.0, 0.0, 3.0, -0.209375, 0.0, 0.0, 0.0, -1.0, -0.209375, 1.0]",,,TRUE
1751762322,manual,manual_tracking,active,4,1,TRUE,"[0.0, 0.9699392914772034, 0.0038346354166666667, 0.0007812500000000666, -0.001041666666666663, -1.9531250000000017e-05, 0.54433274269104, 0.0, -0.3, 0.9193548387096773, 0.00260355449138054, 0.0013020833333333703, -1.0, -0.209375, 0.0]",,,TRUE
1751762326,manual,manual_search,active,2,1,TRUE,"[-1.0, 0.0, 0.0, 0.0, 0.0, 0.0, 0.0, 4.0, -0.3, 0.0, 0.0, 0.0, -1.0, -0.3, 1.0]",,,TRUE
1751762328,manual,manual_search,active,2,1,TRUE,"[-1.0, 0.0, 0.0, 0.0, 0.0, 0.0, 0.0, 2.0, -0.3, 0.0, 0.0, 0.0, -1.0, -0.3, 1.0]",,,TRUE
1751762334,manual,manual_search,active,0,1,TRUE,"[-1.0, 0.0, 0.0, 0.0, 0.0, 0.0, 0.0, 2.0, -0.3, 0.0, 0.0, 0.0, -1.0, -0.3, 1.0]",,,TRUE
1751762335,manual,manual_search,active,0,1,TRUE,"[-1.0, 0.0, 0.0, 0.0, 0.0, 0.0, 0.0, 0.0, -0.3, 0.0, 0.0, 0.0, -1.0, -0.3, 1.0]",,,TRUE
1751762390,manual,manual_search,active,3,1,TRUE,"[-1.0, 0.0, 0.0, 0.0, 0.0, 0.0, 0.0, 0.0, -0.3, 0.0, 0.0, 0.0, -1.0, -0.3, 1.0]",,,TRUE
1751762393,manual,manual_search,active,0,1,TRUE,"[-1.0, 0.0, 0.0, 0.0, 0.0, 0.0, 0.0, 3.0, -0.3, 0.0, 0.0, 0.0, -1.0, -0.3, 1.0]",,,TRUE
1751762395,manual,manual_search,active,4,1,TRUE,"[-1.0, 0.0, 0.0, 0.0, 0.0, 0.0, 0.0, 0.0, -0.3, 0.0, 0.0, 0.0, -1.0, -0.3, 1.0]",,,TRUE
1751762398,manual,manual_search,active,0,1,TRUE,"[-1.0, 0.0, 0.0, 0.0, 0.0, 0.0, 0.0, 4.0, -0.3, 0.0, 0.0, 0.0, -1.0, -0.3, 1.0]",,,TRUE
1751762399,manual,manual_search,active,2,1,TRUE,"[-1.0, 0.0, 0.0, 0.0, 0.0, 0.0, 0.0, 0.0, -0.3, 0.0, 0.0, 0.0, -1.0, -0.3, 1.0]",,,TRUE
1751762401,manual,manual_search,active,0,1,TRUE,"[-1.0, 0.0, 0.0, 0.0, 0.0, 0.0, 0.0, 2.0, -0.3, 0.0, 0.0, 0.0, -1.0, -0.3, 1.0]",,,TRUE
1751762461,manual,manual_search,active,3,1,TRUE,"[-1.0, 0.0, 0.0, 0.0, 0.0, 0.0, 0.0, 0.0, -0.3, 0.0, 0.0, 0.0, -1.0, -0.3, 1.0]",,,TRUE
1751762462,manual,manual_search,active,3,1,TRUE,"[-1.0, 0.0, 0.0, 0.0, 0.0, 0.0, 0.0, 3.0, -0.3, 0.0, 0.0, 0.0, -1.0, -0.3, 1.0]",,,TRUE
1751762463,manual,manual_search,active,0,1,TRUE,"[-1.0, 0.0, 0.0, 0.0, 0.0, 0.0, 0.0, 3.0, -0.3, 0.0, 0.0, 0.0, -1.0, -0.3, 1.0]",,,TRUE
1751762467,manual,manual_search,active,4,1,TRUE,"[-1.0, 0.0, 0.0, 0.0, 0.0, 0.0, 0.0, 0.0, -0.3, 0.0, 0.0, 0.0, -1.0, -0.3, 1.0]",,,TRUE
1751762469,manual,manual_search,active,0,1,TRUE,"[-1.0, 0.0, 0.0, 0.0, 0.0, 0.0, 0.0, 4.0, -0.3, 0.0, 0.0, 0.0, -1.0, -0.3, 1.0]",,,TRUE
1751762535,manual,manual_search,active,4,1,TRUE,"[-1.0, 0.0, 0.0, 0.0, 0.0, 0.0, 0.0, 0.0, -0.3, 0.0, 0.0, 0.0, -1.0, -0.3, 1.0]",,,TRUE
1751762552,manual,manual_search,active,0,1,TRUE,"[-1.0, 0.0, 0.0, 0.0, 0.0, 0.0, 0.0, 4.0, -0.3, 0.0, 0.0, 0.0, -1.0, -0.3, 1.0]",,,TRUE
1751846787,manual,manual_search,active,1,1,TRUE,"[-1.0, 0.0, 0.0, 0.0, 0.0, 0.0, 0.0, 0.0, 0.0, 0.0, 0.0, 0.0, -1.0, 0.0, 1.0]",,,TRUE
1751846800,manual,manual_search,active,0,1,TRUE,"[-1.0, 0.0, 0.0, 0.0, 0.0, 0.0, 0.0, 1.0, 0.0, 0.0, 0.0, 0.0, -1.0, 0.0, 1.0]",,,TRUE
1751850864,manual,manual_search,active,1,1,TRUE,"[-1.0, 0.0, 0.0, 0.0, 0.0, 0.0, 0.0, 0.0, 0.0, 0.0, 0.0, 0.0, -1.0, 0.0, 1.0]",,,TRUE
1751850865,manual,manual_search,active,0,1,TRUE,"[-1.0, 0.0, 0.0, 0.0, 0.0, 0.0, 0.0, 1.0, 0.0, 0.0, 0.0, 0.0, -1.0, 0.0, 1.0]",,,TRUE
1751850867,manual,manual_search,active,2,1,TRUE,"[-1.0, 0.0, 0.0, 0.0, 0.0, 0.0, 0.0, 0.0, 0.0, 0.0, 0.0, 0.0, -1.0, 0.0, 1.0]",,,TRUE
1751850868,manual,manual_search,active,0,1,TRUE,"[-1.0, 0.0, 0.0, 0.0, 0.0, 0.0, 0.0, 2.0, 0.0, 0.0, 0.0, 0.0, -1.0, 0.0, 1.0]",,,TRUE
1751850869,manual,manual_search,active,1,1,TRUE,"[-1.0, 0.0, 0.0, 0.0, 0.0, 0.0, 0.0, 0.0, 0.0, 0.0, 0.0, 0.0, -1.0, 0.0, 1.0]",,,TRUE
1751850870,manual,manual_search,active,0,1,TRUE,"[-1.0, 0.0, 0.0, 0.0, 0.0, 0.0, 0.0, 1.0, 0.0, 0.0, 0.0, 0.0, -1.0, 0.0, 1.0]",,,TRUE
1751850873,manual,manual_search,active,2,1,TRUE,"[-1.0, 0.0, 0.0, 0.0, 0.0, 0.0, 0.0, 0.0, 0.0, 0.0, 0.0, 0.0, -1.0, 0.0, 1.0]",,,TRUE
1751850873,manual,manual_search,active,0,1,TRUE,"[-1.0, 0.0, 0.0, 0.0, 0.0, 0.0, 0.0, 2.0, 0.0, 0.0, 0.0, 0.0, -1.0, 0.0, 1.0]",,,TRUE
1751850971,manual,manual_search,active,1,1,TRUE,"[-1.0, 0.0, 0.0, 0.0, 0.0, 0.0, 0.0, 0.0, 0.0, 0.0, 0.0, 0.0, -1.0, 0.0, 1.0]",,,TRUE
1751850972,manual,manual_search,active,2,1,TRUE,"[-1.0, 0.0, 0.0, 0.0, 0.0, 0.0, 0.0, 1.0, 0.0, 0.0, 0.0, 0.0, -1.0, 0.0, 1.0]",,,TRUE
1751850973,manual,manual_search,active,3,1,TRUE,"[-1.0, 0.0, 0.0, 0.0, 0.0, 0.0, 0.0, 2.0, 0.0, 0.0, 0.0, 0.0, -1.0, 0.0, 1.0]",,,TRUE
1751850973,manual,manual_search,active,0,1,TRUE,"[-1.0, 0.0, 0.0, 0.0, 0.0, 0.0, 0.0, 3.0, 0.0, 0.0, 0.0, 0.0, -1.0, 0.0, 1.0]",,,TRUE
1751850973,manual,manual_search,active,4,1,TRUE,"[-1.0, 0.0, 0.0, 0.0, 0.0, 0.0, 0.0, 0.0, 0.0, 0.0, 0.0, 0.0, -1.0, 0.0, 1.0]",,,TRUE
1751850974,manual,manual_search,active,4,1,TRUE,"[-1.0, 0.0, 0.0, 0.0, 0.0, 0.0, 0.0, 4.0, 0.0, 0.0, 0.0, 0.0, -1.0, 0.0, 1.0]",,,TRUE
1751850974,manual,manual_search,active,1,1,TRUE,"[-1.0, 0.0, 0.0, 0.0, 0.0, 0.0, 0.0, 4.0, 0.0, 0.0, 0.0, 0.0, -1.0, 0.0, 1.0]",,,TRUE
1751850975,manual,manual_search,active,1,1,TRUE,"[-1.0, 0.0, 0.0, 0.0, 0.0, 0.0, 0.0, 1.0, 0.0, 0.0, 0.0, 0.0, -1.0, 0.0, 1.0]",,,TRUE
1751850975,manual,manual_search,active,0,1,TRUE,"[-1.0, 0.0, 0.0, 0.0, 0.0, 0.0, 0.0, 1.0, 0.0, 0.0, 0.0, 0.0, -1.0, 0.0, 1.0]",,,TRUE
1751851033,manual,manual_search,active,1,1,TRUE,"[-1.0, 0.0, 0.0, 0.0, 0.0, 0.0, 0.0, 0.0, 0.0, 0.0, 0.0, 0.0, -1.0, 0.0, 1.0]",,,TRUE
1751851033,manual,manual_search,active,2,1,TRUE,"[-1.0, 0.0, 0.0, 0.0, 0.0, 0.0, 0.0, 1.0, 0.0, 0.0, 0.0, 0.0, -1.0, 0.0, 1.0]",,,TRUE
1751851034,manual,manual_search,active,1,1,TRUE,"[-1.0, 0.0, 0.0, 0.0, 0.0, 0.0, 0.0, 2.0, 0.0, 0.0, 0.0, 0.0, -1.0, 0.0, 1.0]",,,TRUE
1751851035,manual,manual_search,active,2,1,TRUE,"[-1.0, 0.0, 0.0, 0.0, 0.0, 0.0, 0.0, 1.0, 0.0, 0.0, 0.0, 0.0, -1.0, 0.0, 1.0]",,,TRUE
1751851036,manual,manual_search,active,0,1,TRUE,"[-1.0, 0.0, 0.0, 0.0, 0.0, 0.0, 0.0, 2.0, 0.0, 0.0, 0.0, 0.0, -1.0, 0.0, 1.0]",,,TRUE
1751851037,manual,manual_search,active,1,1,TRUE,"[-1.0, 0.0, 0.0, 0.0, 0.0, 0.0, 0.0, 0.0, 0.0, 0.0, 0.0, 0.0, -1.0, 0.0, 1.0]",,,TRUE
1751851037,manual,manual_search,active,0,1,TRUE,"[-1.0, 0.0, 0.0, 0.0, 0.0, 0.0, 0.0, 1.0, 0.0, 0.0, 0.0, 0.0, -1.0, 0.0, 1.0]",,,TRUE
1751851041,manual,manual_tracking,active,4,1,TRUE,"[1.0, 0.9170826077461243, 0.100400390625, 0.0, -0.001041666666666663, -0.00048502604166666963, 0.5449814796447754, 0.0, -0.7640625, 0.5398550724637681, 0.02172405196877935, 0.001041666666666663, -1.0, 0.0, 0.0]",,,TRUE
1751851043,manual,manual_search,active,1,1,TRUE,"[-1.0, 0.0, 0.0, 0.0, 0.0, 0.0, 0.0, 4.0, -0.7640625, 0.0, 0.0, 0.0, -1.0, -0.7640625, 1.0]",,,TRUE
1751851044,manual,manual_search,active,0,1,TRUE,"[-1.0, 0.0, 0.0, 0.0, 0.0, 0.0, 0.0, 1.0, -0.7640625, 0.0, 0.0, 0.0, -1.0, -0.7640625, 1.0]",,,TRUE
1751851044,manual,manual_search,active,4,1,TRUE,"[-1.0, 0.0, 0.0, 0.0, 0.0, 0.0, 0.0, 0.0, -0.7640625, 0.0, 0.0, 0.0, -1.0, -0.7640625, 1.0]",,,TRUE
1751851045,manual,manual_search,active,1,1,TRUE,"[-1.0, 0.0, 0.0, 0.0, 0.0, 0.0, 0.0, 4.0, -0.7640625, 0.0, 0.0, 0.0, -1.0, -0.7640625, 1.0]",,,TRUE
1751851046,manual,manual_search,active,0,1,TRUE,"[-1.0, 0.0, 0.0, 0.0, 0.0, 0.0, 0.0, 1.0, -0.7640625, 0.0, 0.0, 0.0, -1.0, -0.7640625, 1.0]",,,TRUE
1751851052,manual,manual_tracking,active,4,1,TRUE,"[1.0, 0.9904733300209045, 0.17074218750000003, 0.0, -0.003124999999999989, -0.0006054687499999767, 0.5373923778533936, 0.0, -0.70625, 0.4946808510638298, 0.04967770251452749, 0.003124999999999989, -1.0, -0.7640625, 0.0]",,,TRUE
1751851053,manual,manual_tracking,active,1,1,TRUE,"[1.0, 0.9939932227134705, 0.1746549479166667, -0.005468750000000022, 0.004166666666666707, 0.003912760416666661, 0.5779435634613037, 4.0, -0.6953125, 0.52068345323741, 0.05289552771218042, 0.006875197282523004, -1.0, -0.70625, 0.0]",,,TRUE
1751851054,manual,manual_search,active,2,1,TRUE,"[-1.0, 0.0, 0.0, 0.0, 0.0, 0.0, 0.0, 1.0, -0.6953125, 0.0, 0.0, 0.0, -1.0, -0.6953125, 1.0]",,,TRUE
1751851054,manual,manual_search,active,1,1,TRUE,"[-1.0, 0.0, 0.0, 0.0, 0.0, 0.0, 0.0, 2.0, -0.6953125, 0.0, 0.0, 0.0, -1.0, -0.6953125, 1.0]",,,TRUE
1751851056,manual,manual_search,active,0,1,TRUE,"[-1.0, 0.0, 0.0, 0.0, 0.0, 0.0, 0.0, 1.0, -0.6953125, 0.0, 0.0, 0.0, -1.0, -0.6953125, 1.0]",,,TRUE
1751851063,manual,manual_tracking,active,0,1,TRUE,"[0.0, 0.5124427676200867, 0.64759765625, -0.08046874999999998, 0.028124999999999956, 0.1984375, 0.5475592613220215, 0.0, -0.2640625, 0.8221830985915494, 0.24422581611499664, 0.08524221578280619, -1.0, -0.6953125, 0.0]",,,TRUE
1751851065,manual,manual_tracking,active,3,1,TRUE,"[0.0, 0.9497204422950745, 0.5407682291666667, -0.06953124999999999, 0.04375000000000001, -0.0751953125, 0.5680229663848877, 0.0, 0.4546875, 0.5498949579831932, 0.28006085309745077, 0.082150211360425, -1.0, -0.2640625, 0.0]",,,TRUE
1751851065,manual,manual_tracking,active,2,1,TRUE,"[0.0, 0.8388746380805969, 0.39875, -0.06640625, 0.018750000000000044, -0.14201822916666668, 0.5505502223968506, 3.0, 0.5875, 0.4267241379310345, 0.13798177054803817, 0.06900255458359858, -1.0, 0.4546875, 0.0]",,,TRUE
1751851066,manual,manual_tracking,active,0,1,TRUE,"[0.0, 0.5255357027053833, 0.5538411458333333, 0.14843750000000003, 0.05937500000000001, 0.41890625000000004, 0.557650089263916, 2.0, 0.434375, 0.5776595744680851, 0.16463267666576334, 0.1598720802118056, -1.0, 0.5875, 0.0]",,,TRUE
1751851067,manual,manual_search,active,0,1,TRUE,"[-1.0, 0.0, 0.0, 0.0, 0.0, 0.0, 0.0, 0.0, 0.434375, 0.0, 0.0, 0.0, -1.0, 0.434375, 1.0]",,,TRUE
1751851068,manual,manual_tracking,active,4,1,TRUE,"[0.0, 0.9094663262367249, 0.6047623697916666, 0.0, -0.002083333333333326, -0.004830729166666714, 0.5326354503631592, 0.0, -0.3703125, 0.655639913232104, 0.34633505830056094, 0.002083333333333326, -1.0, 0.434375, 0.0]",,,TRUE
1751851069,manual,manual_tracking,active,0,1,TRUE,"[0.0, 0.9071407318115234, 0.5543261718750001, 0.04296875, 0.014583333333333337, -0.07233398437499983, 0.5606710910797119, 4.0, -0.4390625, 0.5613207547169812, 0.28206845917014295, 0.0453760629371215, -1.0, -0.3703125, 0.0]",,,TRUE
1751851069,manual,manual_search,active,1,1,TRUE,"[-1.0, 0.0, 0.0, 0.0, 0.0, 0.0, 0.0, 0.0, -0.4390625, 0.0, 0.0, 0.0, -1.0, -0.4390625, 1.0]",,,TRUE
1751851070,manual,manual_search,active,0,1,TRUE,"[-1.0, 0.0, 0.0, 0.0, 0.0, 0.0, 0.0, 1.0, -0.4390625, 0.0, 0.0, 0.0, -1.0, -0.4390625, 1.0]",,,TRUE
1751851073,manual,manual_search,active,1,1,TRUE,"[-1.0, 0.0, 0.0, 0.0, 0.0, 0.0, 0.0, 0.0, -0.4390625, 0.0, 0.0, 0.0, -1.0, -0.4390625, 1.0]",,,TRUE
1751851074,manual,manual_search,active,4,1,TRUE,"[-1.0, 0.0, 0.0, 0.0, 0.0, 0.0, 0.0, 1.0, -0.4390625, 0.0, 0.0, 0.0, -1.0, -0.4390625, 1.0]",,,TRUE
1751851075,manual,manual_search,active,0,1,TRUE,"[-1.0, 0.0, 0.0, 0.0, 0.0, 0.0, 0.0, 4.0, -0.4390625, 0.0, 0.0, 0.0, -1.0, -0.4390625, 1.0]",,,TRUE
1751851077,manual,manual_tracking,active,4,1,TRUE,"[1.0, 0.906632661819458, 0.162109375, 0.0015625000000000222, 0.001041666666666663, -0.0014062499999999978, 0.5507924556732178, 0.0, -0.45625, 0.41500000000000004, 0.07991692445066291, 0.0018778912893041774, -1.0, -0.4390625, 0.0]",,,TRUE
1751851079,manual,manual_search,active,0,1,TRUE,"[-1.0, 0.0, 0.0, 0.0, 0.0, 0.0, 0.0, 4.0, -0.45625, 0.0, 0.0, 0.0, -1.0, -0.45625, 1.0]",,,TRUE
1751851080,manual,manual_search,active,1,1,TRUE,"[-1.0, 0.0, 0.0, 0.0, 0.0, 0.0, 0.0, 0.0, -0.45625, 0.0, 0.0, 0.0, -1.0, -0.45625, 1.0]",,,TRUE
1751851080,manual,manual_search,active,4,1,TRUE,"[-1.0, 0.0, 0.0, 0.0, 0.0, 0.0, 0.0, 1.0, -0.45625, 0.0, 0.0, 0.0, -1.0, -0.45625, 1.0]",,,TRUE
1751851081,manual,manual_search,active,1,1,TRUE,"[-1.0, 0.0, 0.0, 0.0, 0.0, 0.0, 0.0, 4.0, -0.45625, 0.0, 0.0, 0.0, -1.0, -0.45625, 1.0]",,,TRUE
1751851083,manual,manual_search,active,2,1,TRUE,"[-1.0, 0.0, 0.0, 0.0, 0.0, 0.0, 0.0, 1.0, -0.45625, 0.0, 0.0, 0.0, -1.0, -0.45625, 1.0]",,,TRUE
1751851083,manual,manual_search,active,0,1,TRUE,"[-1.0, 0.0, 0.0, 0.0, 0.0, 0.0, 0.0, 2.0, -0.45625, 0.0, 0.0, 0.0, -1.0, -0.45625, 1.0]",,,TRUE
1751851087,manual,manual_search,active,1,1,TRUE,"[-1.0, 0.0, 0.0, 0.0, 0.0, 0.0, 0.0, 0.0, -0.45625, 0.0, 0.0, 0.0, -1.0, -0.45625, 1.0]",,,TRUE
1751851089,manual,manual_search,active,0,1,TRUE,"[-1.0, 0.0, 0.0, 0.0, 0.0, 0.0, 0.0, 1.0, -0.45625, 0.0, 0.0, 0.0, -1.0, -0.45625, 1.0]",,,TRUE
1751851106,manual,manual_tracking,active,0,1,TRUE,"[1.0, 0.9512813091278076, 0.5782877604166666, -0.026562499999999933, 0.038541666666666696, 0.09352213541666665, 0.5491180419921875, 0.0, -0.4125, 0.5905263157894737, 0.3231921734467808, 0.04680840176394024, -1.0, -0.45625, 0.0]",,,TRUE
1751851107,manual,manual_tracking,active,0,1,TRUE,"[1.0, 0.8995426893234253, 0.555419921875, 0.01953125, -0.02395833333333336, -0.06697591145833337, 0.5469372272491455, 0.0, -0.4109375, 0.6181318681318682, 0.2943097213994861, 0.03091070142642532, -1.0, -0.4125, 0.0]",,,TRUE
1751851108,manual,manual_tracking,active,0,1,TRUE,"[1.0, 0.8200079798698425, 0.50625, 0.03984375000000007, 0.026041666666666685, -0.04916992187500002, 0.5920352935791016, 0.0, -0.490625, 0.50625, 0.21145635465276427, 0.04759929428930942, -1.0, -0.4109375, 0.0]",,,TRUE
1751851110,manual,manual_tracking,active,0,1,TRUE,"[1.0, 0.8468223810195923, 0.472451171875, -0.0007812499999999556, -0.001041666666666663, 0.0005761718750000311, 0.5549893379211426, 0.0, -0.5234375, 0.4744258872651357, 0.19066418596284165, 0.0013020833333333038, -1.0, -0.490625, 0.0]",,,TRUE
1751851111,manual,manual_tracking,active,3,1,TRUE,"[1.0, 0.8504559993743896, 0.47302083333333333, 0.0007812500000000666, -0.002083333333333326, -0.003541666666666665, 0.5463004112243652, 0.0, -0.521875, 0.47698744769874474, 0.19234175327257255, 0.0022250009753431235, -1.0, -0.5234375, 0.0]",,,TRUE
1751851112,manual,manual_search,active,4,1,TRUE,"[-1.0, 0.0, 0.0, 0.0, 0.0, 0.0, 0.0, 3.0, -0.521875, 0.0, 0.0, 0.0, -1.0, -0.521875, 1.0]",,,TRUE
1751851113,manual,manual_tracking,active,0,1,TRUE,"[0.0, 0.6708914637565613, 0.34634765625, -0.08437500000000003, 0.043749999999999956, 0.06060546875, 0.5589554309844971, 4.0, 0.0453125, 0.4655797101449275, 0.22183279717016016, 0.09504316453590969, -1.0, -0.521875, 0.0]",,,TRUE
1751851116,manual,manual_tracking,active,0,1,TRUE,"[0.0, 0.8870460987091064, 0.43649414062499997, 0.01953125, -0.00833333333333336, -0.04613606770833334, 0.5506057739257812, 0.0, -0.2453125, 0.5620567375886525, 0.29220777352817456, 0.021234739720725208, -1.0, 0.0453125, 0.0]",,,TRUE
1751851117,manual,manual_tracking,active,0,1,TRUE,"[1.0, 0.5169854760169983, 0.404921875, 0.0007812499999999556, 0.003124999999999989, 0.0014746093749999911, 0.5522294044494629, 0.0, -0.290625, 0.5140845070422535, 0.14849966038537968, 0.0032211762700137757, -1.0, -0.2453125, 0.0]",,,TRUE
1751851118,manual,manual_tracking,active,2,1,TRUE,"[0.0, 0.5245328545570374, 0.393828125, 0.006250000000000089, 0.0, -0.011093750000000013, 0.5762412548065186, 0.0, -0.303125, 0.5, 0.14395750408210733, 0.006250000000000089, -1.0, -0.290625, 0.0]",,,TRUE
1751851119,manual,manual_search,active,0,1,TRUE,"[-1.0, 0.0, 0.0, 0.0, 0.0, 0.0, 0.0, 2.0, -0.303125, 0.0, 0.0, 0.0, -1.0, -0.303125, 1.0]",,,TRUE
1751851121,manual,manual_tracking,active,2,1,TRUE,"[1.0, 0.545062780380249, 0.6689583333333333, -0.13203124999999993, -0.004166666666666652, 0.22188802083333325, 0.5449934005737305, 0.0, -0.221875, 0.8906249999999999, 0.2837232749755494, 0.13209697985826016, -1.0, -0.303125, 0.0]",,,TRUE
1751851122,manual,manual_search,active,0,1,TRUE,"[-1.0, 0.0, 0.0, 0.0, 0.0, 0.0, 0.0, 2.0, -0.221875, 0.0, 0.0, 0.0, -1.0, -0.221875, 1.0]",,,TRUE
1751851124,manual,manual_search,active,1,1,TRUE,"[-1.0, 0.0, 0.0, 0.0, 0.0, 0.0, 0.0, 0.0, -0.221875, 0.0, 0.0, 0.0, -1.0, -0.221875, 1.0]",,,TRUE
1751851125,manual,manual_search,active,0,1,TRUE,"[-1.0, 0.0, 0.0, 0.0, 0.0, 0.0, 0.0, 1.0, -0.221875, 0.0, 0.0, 0.0, -1.0, -0.221875, 1.0]",,,TRUE
1751851135,manual,manual_tracking,active,4,1,TRUE,"[0.0, 0.6689023375511169, 0.5887239583333334, -0.0007812500000000111, 0.001041666666666663, 0.014388020833333348, 0.5539360046386719, 0.0, 0.0234375, 0.9594414893617021, 0.38456917177882133, 0.001302083333333337, -1.0, -0.221875, 0.0]",,,TRUE
1751851137,manual,manual_tracking,active,0,1,TRUE,"[1.0, 0.8469640612602234, 0.6266634114583333, 0.13515624999999998, 0.020833333333333315, 0.025328776041666612, 0.5453500747680664, 4.0, -0.2515625, 0.8716216216216216, 0.3972417263401836, 0.13675247599893858, -1.0, 0.0234375, 0.0]",,,TRUE
1751851138,manual,manual_search,active,1,1,TRUE,"[-1.0, 0.0, 0.0, 0.0, 0.0, 0.0, 0.0, 0.0, -0.2515625, 0.0, 0.0, 0.0, -1.0, -0.2515625, 1.0]",,,TRUE
1751851139,manual,manual_search,active,0,1,TRUE,"[-1.0, 0.0, 0.0, 0.0, 0.0, 0.0, 0.0, 1.0, -0.2515625, 0.0, 0.0, 0.0, -1.0, -0.2515625, 1.0]",,,TRUE
1751856593,manual,manual_search,active,4,1,TRUE,"[-1.0, 0.0, 0.0, 0.0, 0.0, 0.0, 0.0, 0.0, 0.0, 0.0, 0.0, 0.0, -1.0, 0.0, 1.0]",,,TRUE
1751856598,manual,manual_search,active,4,1,TRUE,"[-1.0, 0.0, 0.0, 0.0, 0.0, 0.0, 0.0, 4.0, 0.0, 0.0, 0.0, 0.0, -1.0, 0.0, 1.0]",,,TRUE
1751856598,manual,manual_search,active,4,1,TRUE,"[-1.0, 0.0, 0.0, 0.0, 0.0, 0.0, 0.0, 4.0, 0.0, 0.0, 0.0, 0.0, -1.0, 0.0, 1.0]",,,TRUE
1751856599,manual,manual_search,active,4,1,TRUE,"[-1.0, 0.0, 0.0, 0.0, 0.0, 0.0, 0.0, 4.0, 0.0, 0.0, 0.0, 0.0, -1.0, 0.0, 1.0]",,,TRUE
1751856600,manual,manual_search,active,4,1,TRUE,"[-1.0, 0.0, 0.0, 0.0, 0.0, 0.0, 0.0, 4.0, 0.0, 0.0, 0.0, 0.0, -1.0, 0.0, 1.0]",,,TRUE
1751856614,manual,manual_search,active,0,1,TRUE,"[-1.0, 0.0, 0.0, 0.0, 0.0, 0.0, 0.0, 4.0, 0.0, 0.0, 0.0, 0.0, -1.0, 0.0, 1.0]",,,TRUE
1751856617,manual,manual_search,active,0,1,TRUE,"[-1.0, 0.0, 0.0, 0.0, 0.0, 0.0, 0.0, 0.0, 0.0, 0.0, 0.0, 0.0, -1.0, 0.0, 1.0]",,,TRUE
1751856618,manual,manual_search,active,4,1,TRUE,"[-1.0, 0.0, 0.0, 0.0, 0.0, 0.0, 0.0, 0.0, 0.0, 0.0, 0.0, 0.0, -1.0, 0.0, 1.0]",,,TRUE
1751856619,manual,manual_search,active,4,1,TRUE,"[-1.0, 0.0, 0.0, 0.0, 0.0, 0.0, 0.0, 4.0, 0.0, 0.0, 0.0, 0.0, -1.0, 0.0, 1.0]",,,TRUE
1751856619,manual,manual_search,active,4,1,TRUE,"[-1.0, 0.0, 0.0, 0.0, 0.0, 0.0, 0.0, 4.0, 0.0, 0.0, 0.0, 0.0, -1.0, 0.0, 1.0]",,,TRUE
1751856620,manual,manual_search,active,4,1,TRUE,"[-1.0, 0.0, 0.0, 0.0, 0.0, 0.0, 0.0, 4.0, 0.0, 0.0, 0.0, 0.0, -1.0, 0.0, 1.0]",,,TRUE
1751856620,manual,manual_search,active,1,1,TRUE,"[-1.0, 0.0, 0.0, 0.0, 0.0, 0.0, 0.0, 4.0, 0.0, 0.0, 0.0, 0.0, -1.0, 0.0, 1.0]",,,TRUE
1751856670,manual,manual_search,active,4,1,TRUE,"[-1.0, 0.0, 0.0, 0.0, 0.0, 0.0, 0.0, 1.0, 0.0, 0.0, 0.0, 0.0, -1.0, 0.0, 1.0]",,,TRUE
1751856671,manual,manual_search,active,3,1,TRUE,"[-1.0, 0.0, 0.0, 0.0, 0.0, 0.0, 0.0, 4.0, 0.0, 0.0, 0.0, 0.0, -1.0, 0.0, 1.0]",,,TRUE
1751856672,manual,manual_search,active,0,1,TRUE,"[-1.0, 0.0, 0.0, 0.0, 0.0, 0.0, 0.0, 3.0, 0.0, 0.0, 0.0, 0.0, -1.0, 0.0, 1.0]",,,TRUE
1751856675,manual,manual_search,active,4,1,TRUE,"[-1.0, 0.0, 0.0, 0.0, 0.0, 0.0, 0.0, 0.0, 0.0, 0.0, 0.0, 0.0, -1.0, 0.0, 1.0]",,,TRUE
1751856676,manual,manual_search,active,2,1,TRUE,"[-1.0, 0.0, 0.0, 0.0, 0.0, 0.0, 0.0, 4.0, 0.0, 0.0, 0.0, 0.0, -1.0, 0.0, 1.0]",,,TRUE
1751856681,manual,manual_search,active,0,1,TRUE,"[-1.0, 0.0, 0.0, 0.0, 0.0, 0.0, 0.0, 2.0, 0.0, 0.0, 0.0, 0.0, -1.0, 0.0, 1.0]",,,TRUE
1751856683,manual,manual_search,active,3,1,TRUE,"[-1.0, 0.0, 0.0, 0.0, 0.0, 0.0, 0.0, 0.0, 0.0, 0.0, 0.0, 0.0, -1.0, 0.0, 1.0]",,,TRUE
1751856684,manual,manual_search,active,1,1,TRUE,"[-1.0, 0.0, 0.0, 0.0, 0.0, 0.0, 0.0, 3.0, 0.0, 0.0, 0.0, 0.0, -1.0, 0.0, 1.0]",,,TRUE
1751856685,manual,manual_search,active,0,1,TRUE,"[-1.0, 0.0, 0.0, 0.0, 0.0, 0.0, 0.0, 1.0, 0.0, 0.0, 0.0, 0.0, -1.0, 0.0, 1.0]",,,TRUE
1751856733,manual,manual_search,active,4,1,TRUE,"[-1.0, 0.0, 0.0, 0.0, 0.0, 0.0, 0.0, 0.0, 0.0, 0.0, 0.0, 0.0, -1.0, 0.0, 1.0]",,,TRUE
1751856746,manual,manual_search,active,0,1,TRUE,"[-1.0, 0.0, 0.0, 0.0, 0.0, 0.0, 0.0, 4.0, 0.0, 0.0, 0.0, 0.0, -1.0, 0.0, 1.0]",,,TRUE
1751857015,manual,manual_search,active,4,1,TRUE,"[-1.0, 0.0, 0.0, 0.0, 0.0, 0.0, 0.0, 0.0, 0.0, 0.0, 0.0, 0.0, -1.0, 0.0, 1.0]",,,TRUE
1751857016,manual,manual_search,active,3,1,TRUE,"[-1.0, 0.0, 0.0, 0.0, 0.0, 0.0, 0.0, 4.0, 0.0, 0.0, 0.0, 0.0, -1.0, 0.0, 1.0]",,,TRUE
1751857017,manual,manual_search,active,0,1,TRUE,"[-1.0, 0.0, 0.0, 0.0, 0.0, 0.0, 0.0, 3.0, 0.0, 0.0, 0.0, 0.0, -1.0, 0.0, 1.0]",,,TRUE
1751857017,manual,manual_search,active,1,1,TRUE,"[-1.0, 0.0, 0.0, 0.0, 0.0, 0.0, 0.0, 0.0, 0.0, 0.0, 0.0, 0.0, -1.0, 0.0, 1.0]",,,TRUE
1751857017,manual,manual_search,active,4,1,TRUE,"[-1.0, 0.0, 0.0, 0.0, 0.0, 0.0, 0.0, 1.0, 0.0, 0.0, 0.0, 0.0, -1.0, 0.0, 1.0]",,,TRUE
1751857018,manual,manual_search,active,1,1,TRUE,"[-1.0, 0.0, 0.0, 0.0, 0.0, 0.0, 0.0, 4.0, 0.0, 0.0, 0.0, 0.0, -1.0, 0.0, 1.0]",,,TRUE
1751857019,manual,manual_search,active,4,1,TRUE,"[-1.0, 0.0, 0.0, 0.0, 0.0, 0.0, 0.0, 1.0, 0.0, 0.0, 0.0, 0.0, -1.0, 0.0, 1.0]",,,TRUE
1751857020,manual,manual_search,active,1,1,TRUE,"[-1.0, 0.0, 0.0, 0.0, 0.0, 0.0, 0.0, 4.0, 0.0, 0.0, 0.0, 0.0, -1.0, 0.0, 1.0]",,,TRUE
1751857020,manual,manual_search,active,4,1,TRUE,"[-1.0, 0.0, 0.0, 0.0, 0.0, 0.0, 0.0, 1.0, 0.0, 0.0, 0.0, 0.0, -1.0, 0.0, 1.0]",,,TRUE
1751857021,manual,manual_search,active,0,1,TRUE,"[-1.0, 0.0, 0.0, 0.0, 0.0, 0.0, 0.0, 4.0, 0.0, 0.0, 0.0, 0.0, -1.0, 0.0, 1.0]",,,TRUE
1751857022,manual,manual_search,active,2,1,TRUE,"[-1.0, 0.0, 0.0, 0.0, 0.0, 0.0, 0.0, 0.0, 0.0, 0.0, 0.0, 0.0, -1.0, 0.0, 1.0]",,,TRUE
1751857023,manual,manual_search,active,4,1,TRUE,"[-1.0, 0.0, 0.0, 0.0, 0.0, 0.0, 0.0, 2.0, 0.0, 0.0, 0.0, 0.0, -1.0, 0.0, 1.0]",,,TRUE
1751857023,manual,manual_search,active,0,1,TRUE,"[-1.0, 0.0, 0.0, 0.0, 0.0, 0.0, 0.0, 4.0, 0.0, 0.0, 0.0, 0.0, -1.0, 0.0, 1.0]",,,TRUE
1751857024,manual,manual_search,active,0,1,TRUE,"[-1.0, 0.0, 0.0, 0.0, 0.0, 0.0, 0.0, 0.0, 0.0, 0.0, 0.0, 0.0, -1.0, 0.0, 1.0]",,,TRUE
1751857025,manual,manual_search,active,3,1,TRUE,"[-1.0, 0.0, 0.0, 0.0, 0.0, 0.0, 0.0, 0.0, 0.0, 0.0, 0.0, 0.0, -1.0, 0.0, 1.0]",,,TRUE
1751857026,manual,manual_search,active,2,1,TRUE,"[-1.0, 0.0, 0.0, 0.0, 0.0, 0.0, 0.0, 3.0, 0.0, 0.0, 0.0, 0.0, -1.0, 0.0, 1.0]",,,TRUE
1751857027,manual,manual_search,active,4,1,TRUE,"[-1.0, 0.0, 0.0, 0.0, 0.0, 0.0, 0.0, 2.0, 0.0, 0.0, 0.0, 0.0, -1.0, 0.0, 1.0]",,,TRUE
1751857028,manual,manual_search,active,0,1,TRUE,"[-1.0, 0.0, 0.0, 0.0, 0.0, 0.0, 0.0, 4.0, 0.0, 0.0, 0.0, 0.0, -1.0, 0.0, 1.0]",,,TRUE
1751857031,manual,manual_search,active,1,1,TRUE,"[-1.0, 0.0, 0.0, 0.0, 0.0, 0.0, 0.0, 0.0, 0.0, 0.0, 0.0, 0.0, -1.0, 0.0, 1.0]",,,TRUE
1751857033,manual,manual_search,active,4,1,TRUE,"[-1.0, 0.0, 0.0, 0.0, 0.0, 0.0, 0.0, 1.0, 0.0, 0.0, 0.0, 0.0, -1.0, 0.0, 1.0]",,,TRUE
1751857033,manual,manual_search,active,1,1,TRUE,"[-1.0, 0.0, 0.0, 0.0, 0.0, 0.0, 0.0, 4.0, 0.0, 0.0, 0.0, 0.0, -1.0, 0.0, 1.0]",,,TRUE
1751857034,manual,manual_search,active,4,1,TRUE,"[-1.0, 0.0, 0.0, 0.0, 0.0, 0.0, 0.0, 1.0, 0.0, 0.0, 0.0, 0.0, -1.0, 0.0, 1.0]",,,TRUE
1751857035,manual,manual_search,active,0,1,TRUE,"[-1.0, 0.0, 0.0, 0.0, 0.0, 0.0, 0.0, 4.0, 0.0, 0.0, 0.0, 0.0, -1.0, 0.0, 1.0]",,,TRUE
1751857038,manual,manual_search,active,2,1,TRUE,"[-1.0, 0.0, 0.0, 0.0, 0.0, 0.0, 0.0, 0.0, 0.0, 0.0, 0.0, 0.0, -1.0, 0.0, 1.0]",,,TRUE
1751857038,manual,manual_search,active,2,1,TRUE,"[-1.0, 0.0, 0.0, 0.0, 0.0, 0.0, 0.0, 2.0, 0.0, 0.0, 0.0, 0.0, -1.0, 0.0, 1.0]",,,TRUE
1751857039,manual,manual_search,active,4,1,TRUE,"[-1.0, 0.0, 0.0, 0.0, 0.0, 0.0, 0.0, 2.0, 0.0, 0.0, 0.0, 0.0, -1.0, 0.0, 1.0]",,,TRUE
1751857041,manual,manual_search,active,1,1,TRUE,"[-1.0, 0.0, 0.0, 0.0, 0.0, 0.0, 0.0, 4.0, 0.0, 0.0, 0.0, 0.0, -1.0, 0.0, 1.0]",,,TRUE
1751857041,manual,manual_search,active,4,1,TRUE,"[-1.0, 0.0, 0.0, 0.0, 0.0, 0.0, 0.0, 1.0, 0.0, 0.0, 0.0, 0.0, -1.0, 0.0, 1.0]",,,TRUE
1751857042,manual,manual_search,active,2,1,TRUE,"[-1.0, 0.0, 0.0, 0.0, 0.0, 0.0, 0.0, 4.0, 0.0, 0.0, 0.0, 0.0, -1.0, 0.0, 1.0]",,,TRUE
1751857043,manual,manual_search,active,0,1,TRUE,"[-1.0, 0.0, 0.0, 0.0, 0.0, 0.0, 0.0, 2.0, 0.0, 0.0, 0.0, 0.0, -1.0, 0.0, 1.0]",,,TRUE
1751857048,manual,manual_search,active,1,1,TRUE,"[-1.0, 0.0, 0.0, 0.0, 0.0, 0.0, 0.0, 0.0, 0.0, 0.0, 0.0, 0.0, -1.0, 0.0, 1.0]",,,TRUE
1751857049,manual,manual_search,active,4,1,TRUE,"[-1.0, 0.0, 0.0, 0.0, 0.0, 0.0, 0.0, 1.0, 0.0, 0.0, 0.0, 0.0, -1.0, 0.0, 1.0]",,,TRUE
1751857050,manual,manual_search,active,2,1,TRUE,"[-1.0, 0.0, 0.0, 0.0, 0.0, 0.0, 0.0, 4.0, 0.0, 0.0, 0.0, 0.0, -1.0, 0.0, 1.0]",,,TRUE
1751857051,manual,manual_search,active,2,1,TRUE,"[-1.0, 0.0, 0.0, 0.0, 0.0, 0.0, 0.0, 2.0, 0.0, 0.0, 0.0, 0.0, -1.0, 0.0, 1.0]",,,TRUE
1751857051,manual,manual_search,active,1,1,TRUE,"[-1.0, 0.0, 0.0, 0.0, 0.0, 0.0, 0.0, 2.0, 0.0, 0.0, 0.0, 0.0, -1.0, 0.0, 1.0]",,,TRUE
1751857053,manual,manual_search,active,1,1,TRUE,"[-1.0, 0.0, 0.0, 0.0, 0.0, 0.0, 0.0, 1.0, 0.0, 0.0, 0.0, 0.0, -1.0, 0.0, 1.0]",,,TRUE
1751857054,manual,manual_search,active,0,1,TRUE,"[-1.0, 0.0, 0.0, 0.0, 0.0, 0.0, 0.0, 1.0, 0.0, 0.0, 0.0, 0.0, -1.0, 0.0, 1.0]",,,TRUE
1751857194,manual,manual_search,active,3,1,TRUE,"[-1.0, 0.0, 0.0, 0.0, 0.0, 0.0, 0.0, 0.0, 0.0, 0.0, 0.0, 0.0, -1.0, 0.0, 1.0]",,,TRUE
1751857197,manual,manual_search,active,1,1,TRUE,"[-1.0, 0.0, 0.0, 0.0, 0.0, 0.0, 0.0, 3.0, 0.0, 0.0, 0.0, 0.0, -1.0, 0.0, 1.0]",,,TRUE
1751857197,manual,manual_search,active,4,1,TRUE,"[-1.0, 0.0, 0.0, 0.0, 0.0, 0.0, 0.0, 1.0, 0.0, 0.0, 0.0, 0.0, -1.0, 0.0, 1.0]",,,TRUE
1751857199,manual,manual_search,active,1,1,TRUE,"[-1.0, 0.0, 0.0, 0.0, 0.0, 0.0, 0.0, 4.0, 0.0, 0.0, 0.0, 0.0, -1.0, 0.0, 1.0]",,,TRUE
1751857199,manual,manual_search,active,2,1,TRUE,"[-1.0, 0.0, 0.0, 0.0, 0.0, 0.0, 0.0, 1.0, 0.0, 0.0, 0.0, 0.0, -1.0, 0.0, 1.0]",,,TRUE
1751857200,manual,manual_search,active,4,1,TRUE,"[-1.0, 0.0, 0.0, 0.0, 0.0, 0.0, 0.0, 2.0, 0.0, 0.0, 0.0, 0.0, -1.0, 0.0, 1.0]",,,TRUE
1751857201,manual,manual_search,active,1,1,TRUE,"[-1.0, 0.0, 0.0, 0.0, 0.0, 0.0, 0.0, 4.0, 0.0, 0.0, 0.0, 0.0, -1.0, 0.0, 1.0]",,,TRUE
1751857202,manual,manual_search,active,2,1,TRUE,"[-1.0, 0.0, 0.0, 0.0, 0.0, 0.0, 0.0, 1.0, 0.0, 0.0, 0.0, 0.0, -1.0, 0.0, 1.0]",,,TRUE
1751857202,manual,manual_search,active,4,1,TRUE,"[-1.0, 0.0, 0.0, 0.0, 0.0, 0.0, 0.0, 2.0, 0.0, 0.0, 0.0, 0.0, -1.0, 0.0, 1.0]",,,TRUE
1751857203,manual,manual_search,active,1,1,TRUE,"[-1.0, 0.0, 0.0, 0.0, 0.0, 0.0, 0.0, 4.0, 0.0, 0.0, 0.0, 0.0, -1.0, 0.0, 1.0]",,,TRUE
1751857203,manual,manual_search,active,0,1,TRUE,"[-1.0, 0.0, 0.0, 0.0, 0.0, 0.0, 0.0, 1.0, 0.0, 0.0, 0.0, 0.0, -1.0, 0.0, 1.0]",,,TRUE
1751857206,manual,manual_search,active,1,1,TRUE,"[-1.0, 0.0, 0.0, 0.0, 0.0, 0.0, 0.0, 0.0, 0.0, 0.0, 0.0, 0.0, -1.0, 0.0, 1.0]",,,TRUE
1751857207,manual,manual_search,active,4,1,TRUE,"[-1.0, 0.0, 0.0, 0.0, 0.0, 0.0, 0.0, 1.0, 0.0, 0.0, 0.0, 0.0, -1.0, 0.0, 1.0]",,,TRUE
1751857208,manual,manual_search,active,2,1,TRUE,"[-1.0, 0.0, 0.0, 0.0, 0.0, 0.0, 0.0, 4.0, 0.0, 0.0, 0.0, 0.0, -1.0, 0.0, 1.0]",,,TRUE
1751857209,manual,manual_search,active,0,1,TRUE,"[-1.0, 0.0, 0.0, 0.0, 0.0, 0.0, 0.0, 2.0, 0.0, 0.0, 0.0, 0.0, -1.0, 0.0, 1.0]",,,TRUE
1751857211,manual,manual_search,active,2,1,TRUE,"[-1.0, 0.0, 0.0, 0.0, 0.0, 0.0, 0.0, 0.0, 0.0, 0.0, 0.0, 0.0, -1.0, 0.0, 1.0]",,,TRUE
1751857212,manual,manual_search,active,4,1,TRUE,"[-1.0, 0.0, 0.0, 0.0, 0.0, 0.0, 0.0, 2.0, 0.0, 0.0, 0.0, 0.0, -1.0, 0.0, 1.0]",,,TRUE
1751857212,manual,manual_search,active,2,1,TRUE,"[-1.0, 0.0, 0.0, 0.0, 0.0, 0.0, 0.0, 4.0, 0.0, 0.0, 0.0, 0.0, -1.0, 0.0, 1.0]",,,TRUE
1751857213,manual,manual_search,active,4,1,TRUE,"[-1.0, 0.0, 0.0, 0.0, 0.0, 0.0, 0.0, 2.0, 0.0, 0.0, 0.0, 0.0, -1.0, 0.0, 1.0]",,,TRUE
1751857216,manual,manual_search,active,1,1,TRUE,"[-1.0, 0.0, 0.0, 0.0, 0.0, 0.0, 0.0, 4.0, 0.0, 0.0, 0.0, 0.0, -1.0, 0.0, 1.0]",,,TRUE
1751857216,manual,manual_search,active,0,1,TRUE,"[-1.0, 0.0, 0.0, 0.0, 0.0, 0.0, 0.0, 1.0, 0.0, 0.0, 0.0, 0.0, -1.0, 0.0, 1.0]",,,TRUE
1751857217,manual,manual_search,active,4,1,TRUE,"[-1.0, 0.0, 0.0, 0.0, 0.0, 0.0, 0.0, 0.0, 0.0, 0.0, 0.0, 0.0, -1.0, 0.0, 1.0]",,,TRUE
1751857218,manual,manual_search,active,2,1,TRUE,"[-1.0, 0.0, 0.0, 0.0, 0.0, 0.0, 0.0, 4.0, 0.0, 0.0, 0.0, 0.0, -1.0, 0.0, 1.0]",,,TRUE
1751857219,manual,manual_search,active,0,1,TRUE,"[-1.0, 0.0, 0.0, 0.0, 0.0, 0.0, 0.0, 2.0, 0.0, 0.0, 0.0, 0.0, -1.0, 0.0, 1.0]",,,TRUE
1751857221,manual,manual_search,active,1,1,TRUE,"[-1.0, 0.0, 0.0, 0.0, 0.0, 0.0, 0.0, 0.0, 0.0, 0.0, 0.0, 0.0, -1.0, 0.0, 1.0]",,,TRUE
1751857222,manual,manual_search,active,4,1,TRUE,"[-1.0, 0.0, 0.0, 0.0, 0.0, 0.0, 0.0, 1.0, 0.0, 0.0, 0.0, 0.0, -1.0, 0.0, 1.0]",,,TRUE
1751857223,manual,manual_search,active,0,1,TRUE,"[-1.0, 0.0, 0.0, 0.0, 0.0, 0.0, 0.0, 4.0, 0.0, 0.0, 0.0, 0.0, -1.0, 0.0, 1.0]",,,TRUE
1751857229,manual,manual_search,active,1,1,TRUE,"[-1.0, 0.0, 0.0, 0.0, 0.0, 0.0, 0.0, 0.0, 0.0, 0.0, 0.0, 0.0, -1.0, 0.0, 1.0]",,,TRUE
1751857230,manual,manual_search,active,0,1,TRUE,"[-1.0, 0.0, 0.0, 0.0, 0.0, 0.0, 0.0, 1.0, 0.0, 0.0, 0.0, 0.0, -1.0, 0.0, 1.0]",,,TRUE
1751857234,manual,manual_tracking,active,0,1,TRUE,"[0.0, 0.9330483078956604, 0.4700520833333333, 0.0859375, 0.0, -0.034016927083333426, 0.5561187267303467, 0.0, -0.521875, 0.48, 0.2096966845296265, 0.0859375, -1.0, 0.0, 0.0]",,,TRUE
1751857234,manual,manual_tracking,active,3,1,TRUE,"[0.0, 0.8402494192123413, 0.4387890625, 0.01718749999999991, 0.003124999999999989, -0.03126302083333332, 0.6811151504516602, 0.0, -0.55625, 0.4424686192468619, 0.16360718812179403, 0.017469281074217018, -1.0, -0.521875, 0.0]",,,TRUE
1751857238,manual,manual_tracking,active,4,1,TRUE,"[1.0, 0.9326624870300293, 0.81875, -0.014843749999999933, 0.001041666666666663, 0.028212890624999876, 0.5457708835601807, 3.0, -0.178125, 0.81875, 0.6275980598758907, 0.014880254819959988, -1.0, -0.55625, 0.0]",,,TRUE
1751857239,manual,manual_tracking,active,0,1,TRUE,"[0.0, 0.9548580050468445, 0.82916015625, -0.1640625, -0.002083333333333326, 0.008997395833333255, 0.6712327003479004, 4.0, 0.159375, 0.8396226415094339, 0.6655482100183252, 0.16407572698003742, -1.0, -0.178125, 0.0]",,,TRUE
1751857241,manual,manual_tracking,active,2,1,TRUE,"[0.0, 0.7023881673812866, 0.05608072916666666, -0.090625, -0.20104166666666667, -0.21109049479166664, 1.7853941917419434, 0.0, 0.9078125, 0.15154109589041098, 0.003631306241409522, 0.22052356418557886, -1.0, 0.159375, 0.0]",,,TRUE
1751857242,manual,manual_search,active,0,1,TRUE,"[-1.0, 0.0, 0.0, 0.0, 0.0, 0.0, 0.0, 2.0, 0.9078125, 0.0, 0.0, 0.0, -1.0, 0.9078125, 1.0]",,,TRUE
1751857246,manual,manual_search,active,3,1,TRUE,"[-1.0, 0.0, 0.0, 0.0, 0.0, 0.0, 0.0, 0.0, 0.9078125, 0.0, 0.0, 0.0, -1.0, 0.9078125, 1.0]",,,TRUE
1751857248,manual,manual_tracking,active,2,1,TRUE,"[0.0, 0.981130063533783, 0.314765625, -0.19765625, -0.04375000000000001, -0.22273437499999998, 0.5375874042510986, 3.0, 0.6296875, 0.43566176470588236, 0.11436213466268239, 0.2024402520845657, -1.0, 0.9078125, 0.0]",,,TRUE
1751857249,manual,manual_search,active,4,1,TRUE,"[-1.0, 0.0, 0.0, 0.0, 0.0, 0.0, 0.0, 2.0, 0.6296875, 0.0, 0.0, 0.0, -1.0, 0.6296875, 1.0]",,,TRUE
1751857249,manual,manual_search,active,0,1,TRUE,"[-1.0, 0.0, 0.0, 0.0, 0.0, 0.0, 0.0, 4.0, 0.6296875, 0.0, 0.0, 0.0, -1.0, 0.6296875, 1.0]",,,TRUE
1751857255,manual,manual_tracking,active,3,1,TRUE,"[1.0, 0.8393896222114563, 0.4921875, -0.03125, 0.001041666666666663, 0.06027669270833336, 0.535506010055542, 0.0, 0.4890625, 0.4921875, 0.21108722665012467, 0.03126735629125757, -1.0, 0.6296875, 0.0]",,,TRUE
1751857256,manual,manual_tracking,active,0,1,TRUE,"[1.0, 0.8900875449180603, 0.29118489583333335, -0.12343750000000003, -0.05416666666666664, -0.12912760416666663, 0.6453132629394531, 3.0, 0.6734375, 0.3662383177570093, 0.08463848476773152, 0.13479927367767153, -1.0, 0.4890625, 0.0]",,,TRUE
1751857257,manual,manual_search,active,4,1,TRUE,"[-1.0, 0.0, 0.0, 0.0, 0.0, 0.0, 0.0, 0.0, 0.6734375, 0.0, 0.0, 0.0, -1.0, 0.6734375, 1.0]",,,TRUE
1751857258,manual,manual_search,active,2,1,TRUE,"[-1.0, 0.0, 0.0, 0.0, 0.0, 0.0, 0.0, 4.0, 0.6734375, 0.0, 0.0, 0.0, -1.0, 0.6734375, 1.0]",,,TRUE
1751857259,manual,manual_search,active,4,1,TRUE,"[-1.0, 0.0, 0.0, 0.0, 0.0, 0.0, 0.0, 2.0, 0.6734375, 0.0, 0.0, 0.0, -1.0, 0.6734375, 1.0]",,,TRUE
1751857260,manual,manual_search,active,3,1,TRUE,"[-1.0, 0.0, 0.0, 0.0, 0.0, 0.0, 0.0, 4.0, 0.6734375, 0.0, 0.0, 0.0, -1.0, 0.6734375, 1.0]",,,TRUE
1751857260,manual,manual_search,active,2,1,TRUE,"[-1.0, 0.0, 0.0, 0.0, 0.0, 0.0, 0.0, 3.0, 0.6734375, 0.0, 0.0, 0.0, -1.0, 0.6734375, 1.0]",,,TRUE
1751857261,manual,manual_search,active,4,1,TRUE,"[-1.0, 0.0, 0.0, 0.0, 0.0, 0.0, 0.0, 2.0, 0.6734375, 0.0, 0.0, 0.0, -1.0, 0.6734375, 1.0]",,,TRUE
1751857263,manual,manual_search,active,0,1,TRUE,"[-1.0, 0.0, 0.0, 0.0, 0.0, 0.0, 0.0, 4.0, 0.6734375, 0.0, 0.0, 0.0, -1.0, 0.6734375, 1.0]",,,TRUE
1751857266,manual,manual_search,active,1,1,TRUE,"[-1.0, 0.0, 0.0, 0.0, 0.0, 0.0, 0.0, 0.0, 0.6734375, 0.0, 0.0, 0.0, -1.0, 0.6734375, 1.0]",,,TRUE
1751857268,manual,manual_search,active,4,1,TRUE,"[-1.0, 0.0, 0.0, 0.0, 0.0, 0.0, 0.0, 1.0, 0.6734375, 0.0, 0.0, 0.0, -1.0, 0.6734375, 1.0]",,,TRUE
1751857269,manual,manual_search,active,2,1,TRUE,"[-1.0, 0.0, 0.0, 0.0, 0.0, 0.0, 0.0, 4.0, 0.6734375, 0.0, 0.0, 0.0, -1.0, 0.6734375, 1.0]",,,TRUE
1751857271,manual,manual_search,active,2,1,TRUE,"[-1.0, 0.0, 0.0, 0.0, 0.0, 0.0, 0.0, 2.0, 0.6734375, 0.0, 0.0, 0.0, -1.0, 0.6734375, 1.0]",,,TRUE
1751857271,manual,manual_search,active,0,1,TRUE,"[-1.0, 0.0, 0.0, 0.0, 0.0, 0.0, 0.0, 2.0, 0.6734375, 0.0, 0.0, 0.0, -1.0, 0.6734375, 1.0]",,,TRUE
1751857273,manual,manual_search,active,1,1,TRUE,"[-1.0, 0.0, 0.0, 0.0, 0.0, 0.0, 0.0, 0.0, 0.6734375, 0.0, 0.0, 0.0, -1.0, 0.6734375, 1.0]",,,TRUE
1751857274,manual,manual_search,active,3,1,TRUE,"[-1.0, 0.0, 0.0, 0.0, 0.0, 0.0, 0.0, 1.0, 0.6734375, 0.0, 0.0, 0.0, -1.0, 0.6734375, 1.0]",,,TRUE
1751857275,manual,manual_search,active,4,1,TRUE,"[-1.0, 0.0, 0.0, 0.0, 0.0, 0.0, 0.0, 3.0, 0.6734375, 0.0, 0.0, 0.0, -1.0, 0.6734375, 1.0]",,,TRUE
1751857275,manual,manual_search,active,0,1,TRUE,"[-1.0, 0.0, 0.0, 0.0, 0.0, 0.0, 0.0, 4.0, 0.6734375, 0.0, 0.0, 0.0, -1.0, 0.6734375, 1.0]",,,TRUE
1751857277,manual,manual_search,active,2,1,TRUE,"[-1.0, 0.0, 0.0, 0.0, 0.0, 0.0, 0.0, 0.0, 0.6734375, 0.0, 0.0, 0.0, -1.0, 0.6734375, 1.0]",,,TRUE
1751857278,manual,manual_search,active,0,1,TRUE,"[-1.0, 0.0, 0.0, 0.0, 0.0, 0.0, 0.0, 2.0, 0.6734375, 0.0, 0.0, 0.0, -1.0, 0.6734375, 1.0]",,,TRUE
1751857284,manual,manual_tracking,active,4,1,TRUE,"[0.0, 0.6103673577308655, 0.6336263020833333, -0.014843749999999989, 0.023958333333333304, -0.03878255208333348, 0.5467402935028076, 0.0, 0.28125, 0.808235294117647, 0.27797283347505675, 0.02818401408908265, -1.0, 0.6734375, 0.0]",,,TRUE
1751857287,manual,manual_tracking,active,0,1,TRUE,"[1.0, 0.9735555052757263, 0.93826171875, 0.04375000000000001, -0.004166666666666652, 0.10042968750000003, 0.5391080379486084, 4.0, 0.0546875, 0.9461297071129706, 0.8634955723679831, 0.0439479648119354, -1.0, 0.28125, 0.0]",,,TRUE
1751857290,manual,manual_search,active,3,1,TRUE,"[-1.0, 0.0, 0.0, 0.0, 0.0, 0.0, 0.0, 0.0, 0.0546875, 0.0, 0.0, 0.0, -1.0, 0.0546875, 1.0]",,,TRUE
1751857292,manual,manual_search,active,1,1,TRUE,"[-1.0, 0.0, 0.0, 0.0, 0.0, 0.0, 0.0, 3.0, 0.0546875, 0.0, 0.0, 0.0, -1.0, 0.0546875, 1.0]",,,TRUE
1751857293,manual,manual_search,active,2,1,TRUE,"[-1.0, 0.0, 0.0, 0.0, 0.0, 0.0, 0.0, 1.0, 0.0546875, 0.0, 0.0, 0.0, -1.0, 0.0546875, 1.0]",,,TRUE
1751857293,manual,manual_search,active,4,1,TRUE,"[-1.0, 0.0, 0.0, 0.0, 0.0, 0.0, 0.0, 2.0, 0.0546875, 0.0, 0.0, 0.0, -1.0, 0.0546875, 1.0]",,,TRUE
1751857294,manual,manual_search,active,0,1,TRUE,"[-1.0, 0.0, 0.0, 0.0, 0.0, 0.0, 0.0, 4.0, 0.0546875, 0.0, 0.0, 0.0, -1.0, 0.0546875, 1.0]",,,TRUE
1751857294,manual,manual_search,active,0,1,TRUE,"[-1.0, 0.0, 0.0, 0.0, 0.0, 0.0, 0.0, 0.0, 0.0546875, 0.0, 0.0, 0.0, -1.0, 0.0546875, 1.0]",,,TRUE
1751857296,manual,manual_search,active,0,1,TRUE,"[-1.0, 0.0, 0.0, 0.0, 0.0, 0.0, 0.0, 0.0, 0.0546875, 0.0, 0.0, 0.0, -1.0, 0.0546875, 1.0]",,,TRUE
1751857297,manual,manual_tracking,active,3,1,TRUE,"[0.0, 0.8619831800460815, 0.98232421875, -0.004687499999999956, 0.0, -0.006236979166666656, 0.642404317855835, 0.0, 0.0125, 0.9864300626304802, 0.8361626169904776, 0.004687499999999956, -1.0, 0.0546875, 0.0]",,,TRUE
1751857301,manual,manual_tracking,active,3,1,TRUE,"[0.0, 0.5988113880157471, 0.20136067708333333, -0.06171874999999993, -0.03749999999999998, -0.024225260416666672, 0.546525239944458, 3.0, -0.3265625, 0.47054140127388533, 0.08120111824537889, 0.07221810092741633, -1.0, 0.0125, 0.0]",,,TRUE
1751857302,manual,manual_tracking,active,3,1,TRUE,"[0.0, 0.5423550605773926, 0.16339843750000002, -0.008593750000000067, -0.033333333333333326, -0.03796223958333331, 0.6982595920562744, 3.0, -0.309375, 0.4734042553191489, 0.061203166414226885, 0.03442330097729751, -1.0, -0.3265625, 0.0]",,,TRUE
1751857302,manual,manual_tracking,active,0,1,TRUE,"[0.0, 0.9050118327140808, 0.13031250000000003, -0.029687499999999978, -0.004166666666666652, -0.033085937499999996, 0.6815674304962158, 3.0, -0.25, 0.3884892086330935, 0.08845076583791527, 0.029978471731579474, -1.0, -0.309375, 0.0]",,,TRUE
1751857316,manual,manual_search,active,2,1,TRUE,"[-1.0, 0.0, 0.0, 0.0, 0.0, 0.0, 0.0, 0.0, -0.25, 0.0, 0.0, 0.0, -1.0, -0.25, 1.0]",,,TRUE
1751857316,manual,manual_search,active,1,1,TRUE,"[-1.0, 0.0, 0.0, 0.0, 0.0, 0.0, 0.0, 2.0, -0.25, 0.0, 0.0, 0.0, -1.0, -0.25, 1.0]",,,TRUE
1751857318,manual,manual_search,active,0,1,TRUE,"[-1.0, 0.0, 0.0, 0.0, 0.0, 0.0, 0.0, 1.0, -0.25, 0.0, 0.0, 0.0, -1.0, -0.25, 1.0]",,,TRUE
1751857319,manual,manual_tracking,active,3,1,TRUE,"[1.0, 0.9928131699562073, 0.8578125, -0.03359374999999998, 0.001041666666666663, -0.06140625000000011, 0.6742780208587646, 0.0, 0.1390625, 0.8578125, 0.7332153102992742, 0.03360989599071891, -1.0, -0.25, 0.0]",,,TRUE
1751857321,manual,manual_tracking,active,4,1,TRUE,"[0.0, 0.9799748063087463, 0.985986328125, 0.06718750000000001, -0.001041666666666663, 0.128173828125, 1.151355504989624, 3.0, 0.0046875, 0.9984276729559748, 0.9617125026730219, 0.06719557445021544, -1.0, 0.1390625, 0.0]",,,TRUE
1751857322,manual,manual_search,active,0,1,TRUE,"[-1.0, 0.0, 0.0, 0.0, 0.0, 0.0, 0.0, 4.0, 0.0046875, 0.0, 0.0, 0.0, -1.0, 0.0046875, 1.0]",,,TRUE
1751857322,manual,manual_tracking,active,1,1,TRUE,"[0.0, 0.8923587799072266, 0.450751953125, 0.2515625, 0.01874999999999999, -0.5352343749999999, 1.6328465938568115, 0.0, -0.4984375, 0.49726477024070026, 0.20174471968904256, 0.25226028999081485, -1.0, 0.0046875, 0.0]",,,TRUE
1751857323,manual,manual_search,active,0,1,TRUE,"[-1.0, 0.0, 0.0, 0.0, 0.0, 0.0, 0.0, 1.0, -0.4984375, 0.0, 0.0, 0.0, -1.0, -0.4984375, 1.0]",,,TRUE
1751857327,manual,manual_tracking,active,4,1,TRUE,"[1.0, 0.8244292736053467, 0.18917643229166667, 0.007031250000000044, -0.001041666666666663, 0.017666015624999976, 0.5565125942230225, 0.0, -0.6078125, 0.5008474576271186, 0.061166577739101446, 0.007107991699977221, -1.0, -0.4984375, 0.0]",,,TRUE
1751857328,manual,manual_tracking,active,0,1,TRUE,"[1.0, 0.7308101058006287, 0.22854817708333336, 0.008593749999999956, 0.0, 0.03937174479166669, 0.6943819522857666, 4.0, -0.625, 0.6050847457627119, 0.06263449405305438, 0.008593749999999956, -1.0, -0.6078125, 0.0]",,,TRUE
1751857329,manual,manual_tracking,active,1,1,TRUE,"[1.0, 0.9250794053077698, 0.08461588541666666, 0.12187499999999996, 0.024999999999999967, -0.1439322916666667, 1.184248924255371, 0.0, -0.86875, 0.19400630914826497, 0.010273779201110299, 0.12441268273371485, -1.0, -0.625, 0.0]",,,TRUE
1751857330,manual,manual_search,active,0,1,TRUE,"[-1.0, 0.0, 0.0, 0.0, 0.0, 0.0, 0.0, 1.0, -0.86875, 0.0, 0.0, 0.0, -1.0, -0.86875, 1.0]",,,TRUE
1751857333,manual,manual_search,active,1,1,TRUE,"[-1.0, 0.0, 0.0, 0.0, 0.0, 0.0, 0.0, 0.0, -0.86875, 0.0, 0.0, 0.0, -1.0, -0.86875, 1.0]",,,TRUE
1751857334,manual,manual_search,active,0,1,TRUE,"[-1.0, 0.0, 0.0, 0.0, 0.0, 0.0, 0.0, 1.0, -0.86875, 0.0, 0.0, 0.0, -1.0, -0.86875, 1.0]",,,TRUE
1751857341,manual,manual_tracking,active,0,1,TRUE,"[1.0, 0.995424211025238, 0.18347656250000002, 0.012499999999999956, 0.0010416666666667185, -0.015393880208333266, 0.5402786731719971, 0.0, -0.1921875, 0.4456168831168831, 0.14753646163445597, 0.012543327686241935, -1.0, -0.86875, 0.0]",,,TRUE
1751857342,manual,manual_tracking,active,3,1,TRUE,"[1.0, 0.9972610473632812, 0.17545572916666669, 0.0007812499999999556, 0.0, 0.005013020833333326, 0.6349091529846191, 0.0, -0.2046875, 0.4261363636363636, 0.13915993530536072, 0.0007812499999999556, -1.0, -0.1921875, 0.0]",,,TRUE
1751857344,manual,manual_tracking,active,4,1,TRUE,"[1.0, 0.6599198579788208, 0.1848046875, 0.006249999999999978, 0.03645833333333337, 0.007919921875000041, 0.6640574932098389, 3.0, -0.2140625, 0.3862951807228916, 0.09585001627155726, 0.0369901685511765, -1.0, -0.2046875, 0.0]",,,TRUE
1751857344,manual,manual_tracking,active,0,1,TRUE,"[1.0, 0.9989590644836426, 0.11894531250000001, 0.18281249999999993, -0.09375, -0.065859375, 0.7038862705230713, 4.0, -0.5796875, 0.431547619047619, 0.04994216092003626, 0.20544944063260426, -1.0, -0.2140625, 0.0]",,,TRUE
1751857347,manual,manual_tracking,active,2,1,TRUE,"[1.0, 0.9929637908935547, 0.617626953125, -0.16874999999999996, 0.024999999999999967, 0.13359375, 0.5521304607391357, 0.0, 0.3484375, 0.6873626373626375, 0.39959103235261867, 0.17059180079945221, -1.0, -0.5796875, 0.0]",,,TRUE
1751857348,manual,manual_tracking,active,0,1,TRUE,"[1.0, 0.9050297737121582, 0.45199218750000003, -0.05703125000000003, -0.05104166666666665, -0.165634765625, 0.6854138374328613, 2.0, 0.4625, 0.6317733990147784, 0.21987318310537377, 0.07653636529567898, -1.0, 0.3484375, 0.0]",,,TRUE
1751857349,manual,manual_tracking,active,2,1,TRUE,"[1.0, 0.79933762550354, 0.9269075520833334, 0.25781250000000006, 0.0697916666666667, 0.4749153645833334, 0.7170810699462891, 0.0, -0.053125, 0.9545454545454546, 0.7015511274009624, 0.2670920476022473, -1.0, 0.4625, 0.0]",,,TRUE
1751857350,manual,manual_tracking,active,0,1,TRUE,"[0.0, 0.8888235092163086, 0.7166341145833333, -0.08593750000000006, -0.050000000000000044, -0.21027343750000016, 0.6836950778961182, 2.0, 0.11875, 0.9141176470588235, 0.5613221002829959, 0.09942461418708154, -1.0, -0.053125, 0.0]",,,TRUE
1751857353,manual,manual_tracking,active,2,1,TRUE,"[0.0, 0.9507671594619751, 0.7562337239583333, -0.34374999999999994, 0.41041666666666665, 0.6912109375, 1.6225416660308838, 0.0, 0.2328125, 0.7593945720250522, 0.5516094923469579, 0.5353558655490549, -1.0, 0.11875, 0.0]",,,TRUE
1751857354,manual,manual_search,active,0,1,TRUE,"[-1.0, 0.0, 0.0, 0.0, 0.0, 0.0, 0.0, 2.0, 0.2328125, 0.0, 0.0, 0.0, -1.0, 0.2328125, 1.0]",,,TRUE
1751857355,manual,manual_search,active,0,1,TRUE,"[-1.0, 0.0, 0.0, 0.0, 0.0, 0.0, 0.0, 0.0, 0.2328125, 0.0, 0.0, 0.0, -1.0, 0.2328125, 1.0]",,,TRUE
1751857356,manual,manual_search,active,3,1,TRUE,"[-1.0, 0.0, 0.0, 0.0, 0.0, 0.0, 0.0, 0.0, 0.2328125, 0.0, 0.0, 0.0, -1.0, 0.2328125, 1.0]",,,TRUE
1751857358,manual,manual_tracking,active,0,1,TRUE,"[0.0, 0.6721490621566772, 0.982880859375, 0.11874999999999997, 0.0, 0.2266471354166667, 4.58313250541687, 3.0, -0.0046875, 0.9952830188679245, 0.6575456863664022, 0.11874999999999997, -1.0, 0.2328125, 0.0]",,,TRUE
1751857358,manual,manual_tracking,active,2,1,TRUE,"[0.0, 0.8996263146400452, 0.4530924479166667, -0.26015625, -0.03125, -0.5297884114583333, 0.7002484798431396, 0.0, 0.515625, 0.5178173719376392, 0.19743797753790204, 0.2620264049939671, -1.0, -0.0046875, 0.0]",,,TRUE
1751857359,manual,manual_tracking,active,4,1,TRUE,"[0.0, 0.9455116987228394, 0.18398437499999998, -0.03203125000000001, -0.09270833333333334, -0.2691080729166667, 0.7184803485870361, 2.0, 0.5796875, 0.32708333333333334, 0.07311730146269836, 0.09808586058146682, -1.0, 0.515625, 0.0]",,,TRUE
1751857363,manual,manual_search,active,2,1,TRUE,"[-1.0, 0.0, 0.0, 0.0, 0.0, 0.0, 0.0, 4.0, 0.5796875, 0.0, 0.0, 0.0, -1.0, 0.5796875, 1.0]",,,TRUE
1751857364,manual,manual_search,active,4,1,TRUE,"[-1.0, 0.0, 0.0, 0.0, 0.0, 0.0, 0.0, 2.0, 0.5796875, 0.0, 0.0, 0.0, -1.0, 0.5796875, 1.0]",,,TRUE
1751857365,manual,manual_tracking,active,4,1,TRUE,"[1.0, 0.6099576354026794, 0.0392578125, 0.5890625, -0.315625, -0.12896484375, 4.397326469421387, 4.0, -0.5625, 0.503731343283582, 0.010476201086567018, 0.668291679980568, -1.0, 0.5796875, 0.0]",,,TRUE
1751857366,manual,manual_tracking,active,1,1,TRUE,"[0.0, 0.8467826247215271, 0.0556640625, 0.06640625, 0.03541666666666671, 0.016406249999999997, 0.6874856948852539, 4.0, -0.6953125, 0.3958333333333333, 0.01436155528836025, 0.07526041666666669, -1.0, -0.5625, 0.0]",,,TRUE
1751857367,manual,manual_search,active,0,0.5,TRUE,"[-1.0, 0.0, 0.0, 0.0, 0.0, 0.0, 0.0, 1.0, -0.6953125, 0.0, 0.0, 0.0, -1.0, -0.6953125, 1.0]",,,TRUE
1751857371,manual,manual_search,active,4,0.5,TRUE,"[-1.0, 0.0, 0.0, 0.0, 0.0, 0.0, 0.0, 0.0, -0.6953125, 0.0, 0.0, 0.0, -1.0, -0.6953125, 1.0]",,,TRUE
1751857371,manual,manual_search,active,1,1,TRUE,"[-1.0, 0.0, 0.0, 0.0, 0.0, 0.0, 0.0, 4.0, -0.6953125, 0.0, 0.0, 0.0, -1.0, -0.6953125, 1.0]",,,TRUE
1751857373,manual,manual_search,active,0,0.5,TRUE,"[-1.0, 0.0, 0.0, 0.0, 0.0, 0.0, 0.0, 1.0, -0.6953125, 0.0, 0.0, 0.0, -1.0, -0.6953125, 1.0]",,,TRUE
1751857868,manual,manual_search,active,4,0.5,TRUE,"[-1.0, 0.0, 0.0, 0.0, 0.0, 0.0, 0.0, 0.0, -0.6953125, 0.0, 0.0, 0.0, -1.0, -0.6953125, 1.0]",,,TRUE
1751857871,manual,manual_search,active,1,0.5,TRUE,"[-1.0, 0.0, 0.0, 0.0, 0.0, 0.0, 0.0, 4.0, -0.6953125, 0.0, 0.0, 0.0, -1.0, -0.6953125, 1.0]",,,TRUE
1751857872,manual,manual_search,active,0,0.5,TRUE,"[-1.0, 0.0, 0.0, 0.0, 0.0, 0.0, 0.0, 1.0, -0.6953125, 0.0, 0.0, 0.0, -1.0, -0.6953125, 1.0]",,,TRUE
1751857903,manual,manual_search,active,3,0.5,TRUE,"[-1.0, 0.0, 0.0, 0.0, 0.0, 0.0, 0.0, 0.0, -0.6953125, 0.0, 0.0, 0.0, -1.0, -0.6953125, 1.0]",,,TRUE
1751857904,manual,manual_search,active,0,0.5,TRUE,"[-1.0, 0.0, 0.0, 0.0, 0.0, 0.0, 0.0, 3.0, -0.6953125, 0.0, 0.0, 0.0, -1.0, -0.6953125, 1.0]",,,TRUE
1751857910,manual,manual_search,active,2,1,TRUE,"[-1.0, 0.0, 0.0, 0.0, 0.0, 0.0, 0.0, 0.0, -0.6953125, 0.0, 0.0, 0.0, -1.0, -0.6953125, 1.0]",,,TRUE
1751857911,manual,manual_search,active,4,0.5,TRUE,"[-1.0, 0.0, 0.0, 0.0, 0.0, 0.0, 0.0, 2.0, -0.6953125, 0.0, 0.0, 0.0, -1.0, -0.6953125, 1.0]",,,TRUE
1751857912,manual,manual_search,active,0,0.5,TRUE,"[-1.0, 0.0, 0.0, 0.0, 0.0, 0.0, 0.0, 4.0, -0.6953125, 0.0, 0.0, 0.0, -1.0, -0.6953125, 1.0]",,,TRUE
1751857913,manual,manual_search,active,1,0.5,TRUE,"[-1.0, 0.0, 0.0, 0.0, 0.0, 0.0, 0.0, 0.0, -0.6953125, 0.0, 0.0, 0.0, -1.0, -0.6953125, 1.0]",,,TRUE
1751857915,manual,manual_search,active,0,0.5,TRUE,"[-1.0, 0.0, 0.0, 0.0, 0.0, 0.0, 0.0, 1.0, -0.6953125, 0.0, 0.0, 0.0, -1.0, -0.6953125, 1.0]",,,TRUE
1751858117,manual,manual_search,active,3,0.5,TRUE,"[-1.0, 0.0, 0.0, 0.0, 0.0, 0.0, 0.0, 0.0, -0.6953125, 0.0, 0.0, 0.0, -1.0, -0.6953125, 1.0]",,,TRUE
1751858125,manual,manual_search,active,3,0.5,TRUE,"[-1.0, 0.0, 0.0, 0.0, 0.0, 0.0, 0.0, 3.0, -0.6953125, 0.0, 0.0, 0.0, 120.55, -0.6953125, 1.0]",,,TRUE
1751858128,manual,manual_search,active,0,0.5,TRUE,"[-1.0, 0.0, 0.0, 0.0, 0.0, 0.0, 0.0, 3.0, -0.6953125, 0.0, 0.0, 0.0, 806.36, -0.6953125, 1.0]",,,TRUE
1751858131,manual,manual_search,active,1,0.5,TRUE,"[-1.0, 0.0, 0.0, 0.0, 0.0, 0.0, 0.0, 0.0, -0.6953125, 0.0, 0.0, 0.0, 207.14, -0.6953125, 1.0]",,,TRUE
1751858132,manual,manual_search,active,0,0.5,TRUE,"[-1.0, 0.0, 0.0, 0.0, 0.0, 0.0, 0.0, 1.0, -0.6953125, 0.0, 0.0, 0.0, 806.26, -0.6953125, 1.0]",,,TRUE
1751858132,manual,manual_search,active,4,0.5,TRUE,"[-1.0, 0.0, 0.0, 0.0, 0.0, 0.0, 0.0, 0.0, -0.6953125, 0.0, 0.0, 0.0, 99.76, -0.6953125, 1.0]",,,TRUE
1751858133,manual,manual_search,active,0,0.5,TRUE,"[-1.0, 0.0, 0.0, 0.0, 0.0, 0.0, 0.0, 4.0, -0.6953125, 0.0, 0.0, 0.0, 806.5, -0.6953125, 1.0]",,,TRUE
1751858137,manual,manual_search,active,1,1,TRUE,"[-1.0, 0.0, 0.0, 0.0, 0.0, 0.0, 0.0, 0.0, -0.6953125, 0.0, 0.0, 0.0, 806.38, -0.6953125, 1.0]",,,TRUE
1751858138,manual,manual_search,active,0,0.5,TRUE,"[-1.0, 0.0, 0.0, 0.0, 0.0, 0.0, 0.0, 1.0, -0.6953125, 0.0, 0.0, 0.0, 34.08, -0.6953125, 1.0]",,,TRUE
1751858140,manual,manual_search,active,4,0.5,TRUE,"[-1.0, 0.0, 0.0, 0.0, 0.0, 0.0, 0.0, 0.0, -0.6953125, 0.0, 0.0, 0.0, 35.4, -0.6953125, 1.0]",,,TRUE
1751858140,manual,manual_search,active,0,0.5,TRUE,"[-1.0, 0.0, 0.0, 0.0, 0.0, 0.0, 0.0, 4.0, -0.6953125, 0.0, 0.0, 0.0, 40.3, -0.6953125, 1.0]",,,TRUE
1751858153,manual,manual_search,active,4,0.5,TRUE,"[-1.0, 0.0, 0.0, 0.0, 0.0, 0.0, 0.0, 0.0, -0.6953125, 0.0, 0.0, 0.0, 39.14, -0.6953125, 1.0]",,,TRUE
1751858154,manual,manual_search,active,4,0.5,TRUE,"[-1.0, 0.0, 0.0, 0.0, 0.0, 0.0, 0.0, 4.0, -0.6953125, 0.0, 0.0, 0.0, 92.52, -0.6953125, 1.0]",,,TRUE
1751858154,manual,manual_search,active,0,0.5,TRUE,"[-1.0, 0.0, 0.0, 0.0, 0.0, 0.0, 0.0, 4.0, -0.6953125, 0.0, 0.0, 0.0, 82.35, -0.6953125, 1.0]",,,TRUE
1751858155,manual,manual_search,active,4,1,TRUE,"[-1.0, 0.0, 0.0, 0.0, 0.0, 0.0, 0.0, 0.0, -0.6953125, 0.0, 0.0, 0.0, 79.04, -0.6953125, 1.0]",,,TRUE
1751858155,manual,manual_search,active,1,0.5,TRUE,"[-1.0, 0.0, 0.0, 0.0, 0.0, 0.0, 0.0, 4.0, -0.6953125, 0.0, 0.0, 0.0, 69.95, -0.6953125, 1.0]",,,TRUE
1751858156,manual,manual_search,active,0,0.5,TRUE,"[-1.0, 0.0, 0.0, 0.0, 0.0, 0.0, 0.0, 1.0, -0.6953125, 0.0, 0.0, 0.0, 66.46, -0.6953125, 1.0]",,,TRUE
1751858156,manual,manual_search,active,4,0.5,TRUE,"[-1.0, 0.0, 0.0, 0.0, 0.0, 0.0, 0.0, 0.0, -0.6953125, 0.0, 0.0, 0.0, 66.9, -0.6953125, 1.0]",,,TRUE
1751858158,manual,manual_search,active,0,0.5,TRUE,"[-1.0, 0.0, 0.0, 0.0, 0.0, 0.0, 0.0, 4.0, -0.6953125, 0.0, 0.0, 0.0, 36.14, -0.6953125, 1.0]",,,TRUE
1751858158,manual,manual_search,active,3,1,TRUE,"[-1.0, 0.0, 0.0, 0.0, 0.0, 0.0, 0.0, 0.0, -0.6953125, 0.0, 0.0, 0.0, 35.12, -0.6953125, 1.0]",,,TRUE
1751858163,manual,manual_search,active,4,0.5,TRUE,"[-1.0, 0.0, 0.0, 0.0, 0.0, 0.0, 0.0, 3.0, -0.6953125, 0.0, 0.0, 0.0, 806.38, -0.6953125, 1.0]",,,TRUE
1751858164,manual,manual_search,active,2,0.5,TRUE,"[-1.0, 0.0, 0.0, 0.0, 0.0, 0.0, 0.0, 4.0, -0.6953125, 0.0, 0.0, 0.0, 806.51, -0.6953125, 1.0]",,,TRUE
1751858166,manual,manual_search,active,4,0.5,TRUE,"[-1.0, 0.0, 0.0, 0.0, 0.0, 0.0, 0.0, 2.0, -0.6953125, 0.0, 0.0, 0.0, 239.11, -0.6953125, 1.0]",,,TRUE
1751858167,manual,manual_search,active,1,0.5,TRUE,"[-1.0, 0.0, 0.0, 0.0, 0.0, 0.0, 0.0, 4.0, -0.6953125, 0.0, 0.0, 0.0, 189.16, -0.6953125, 1.0]",,,TRUE
1751858168,manual,manual_search,active,4,0.5,TRUE,"[-1.0, 0.0, 0.0, 0.0, 0.0, 0.0, 0.0, 1.0, -0.6953125, 0.0, 0.0, 0.0, 121.04, -0.6953125, 1.0]",,,TRUE
1751858168,manual,manual_search,active,2,1,TRUE,"[-1.0, 0.0, 0.0, 0.0, 0.0, 0.0, 0.0, 4.0, -0.6953125, 0.0, 0.0, 0.0, 112.88, -0.6953125, 1.0]",,,TRUE
1751858168,manual,manual_search,active,2,1,TRUE,"[-1.0, 0.0, 0.0, 0.0, 0.0, 0.0, 0.0, 2.0, -0.6953125, 0.0, 0.0, 0.0, 112.47, -0.6953125, 1.0]",,,TRUE
1751858169,manual,manual_search,active,0,1,TRUE,"[-1.0, 0.0, 0.0, 0.0, 0.0, 0.0, 0.0, 2.0, -0.6953125, 0.0, 0.0, 0.0, 110.19, -0.6953125, 1.0]",,,TRUE
1751858170,manual,manual_tracking,active,4,1,TRUE,"[1.0, 0.861430823802948, 0.34716796875, 0.58046875, -0.15416666666666667, 0.32912109375, 801.0554640293121, 0.0, -0.3796875, 1.0972222222222223, 0.1855113939990133, 0.6005924831678079, 109.73, -0.6953125, 0.0]",,,TRUE
1751858171,manual,manual_tracking,active,1,1,TRUE,"[1.0, 0.7941385507583618, 0.43338541666666663, -0.04609374999999993, 0.04583333333333334, 0.11258463541666663, 0.6059987545013428, 4.0, -0.334375, 1.0127388535031847, 0.22908686940482584, 0.06500252482409387, 81.0, -0.3796875, 0.0]",,,TRUE
1751858172,manual,manual_tracking,active,0,1,TRUE,"[1.0, 0.6413942575454712, 0.73748046875, -0.15234375, 0.05416666666666664, 0.3040950520833333, 0.5993342399597168, 1.0, -0.0296875, 1.2684426229508197, 0.45897308299498035, 0.16168687622018144, 83.86, -0.334375, 0.0]",,,TRUE
1751858172,manual,manual_search,active,4,0.5,TRUE,"[-1.0, 0.0, 0.0, 0.0, 0.0, 0.0, 0.0, 0.0, -0.0296875, 0.0, 0.0, 0.0, 86.37, -0.0296875, 1.0]",,,TRUE
1751858173,manual,manual_search,active,2,0.5,TRUE,"[-1.0, 0.0, 0.0, 0.0, 0.0, 0.0, 0.0, 4.0, -0.0296875, 0.0, 0.0, 0.0, 75.6, -0.0296875, 1.0]",,,TRUE
1751858174,manual,manual_search,active,0,0.5,TRUE,"[-1.0, 0.0, 0.0, 0.0, 0.0, 0.0, 0.0, 2.0, -0.0296875, 0.0, 0.0, 0.0, 70.02, -0.0296875, 1.0]",,,TRUE
1751858174,manual,manual_search,active,1,0.5,TRUE,"[-1.0, 0.0, 0.0, 0.0, 0.0, 0.0, 0.0, 0.0, -0.0296875, 0.0, 0.0, 0.0, 72.1, -0.0296875, 1.0]",,,TRUE
1751858175,manual,manual_tracking,active,4,1,TRUE,"[0.0, 0.7150930762290955, 0.6933723958333333, 0.07968749999999991, 0.04791666666666666, -0.04410807291666663, 3.0114481449127197, 1.0, -0.1890625, 0.9411407766990292, 0.40208373428916455, 0.09298443203404767, 71.21, -0.0296875, 0.0]",,,TRUE
1751858175,manual,manual_search,active,2,1,TRUE,"[-1.0, 0.0, 0.0, 0.0, 0.0, 0.0, 0.0, 4.0, -0.1890625, 0.0, 0.0, 0.0, 61.65, -0.1890625, 1.0]",,,TRUE
1751858176,manual,manual_tracking,active,0,1,TRUE,"[1.0, 0.9115756154060364, 0.14837890624999997, -0.42734374999999997, -0.07604166666666662, -0.5449934895833334, 1.1050021648406982, 2.0, 0.665625, 0.7535211267605634, 0.045227091960183305, 0.4340564660657723, 56.46, -0.1890625, 0.0]",,,TRUE
1751858178,manual,manual_tracking,active,4,1,TRUE,"[0.0, 0.8481264114379883, 0.9885611979166666, -0.0007812499999999556, 0.009375000000000022, 0.017044270833333375, 0.5520124435424805, 0.0, -0.0, 0.9926931106471816, 0.8384248612759013, 0.009407495764681499, 35.65, 0.665625, 0.0]",,,TRUE
1751858179,manual,manual_tracking,active,0,1,TRUE,"[0.0, 0.8259937763214111, 0.9859375, 0.0007812499999999556, 0.001041666666666663, -0.002623697916666612, 0.6191363334655762, 4.0, -0.0015625, 0.9859375, 0.8131057728437009, 0.0013020833333333038, 24.18, -0.0, 0.0]",,,TRUE
1751858179,manual,manual_search,active,2,1,TRUE,"[-1.0, 0.0, 0.0, 0.0, 0.0, 0.0, 0.0, 0.0, -0.0015625, 0.0, 0.0, 0.0, 18.28, -0.0015625, 1.0]",,,TRUE
1751858180,manual,manual_tracking,active,0,1,TRUE,"[0.0, 0.8773741126060486, 0.9542578125000001, -0.010156249999999978, -0.001041666666666663, -0.03167968749999994, 1.386688470840454, 2.0, 0.01875, 0.9582463465553236, 0.8215428307875845, 0.010209529054121154, 231.71, -0.0015625, 0.0]",,,TRUE
1751858185,manual,manual_search,active,1,1,TRUE,"[-1.0, 0.0, 0.0, 0.0, 0.0, 0.0, 0.0, 0.0, 0.01875, 0.0, 0.0, 0.0, 114.49, 0.01875, 1.0]",,,TRUE
1751858186,manual,manual_search,active,0,0.5,TRUE,"[-1.0, 0.0, 0.0, 0.0, 0.0, 0.0, 0.0, 1.0, 0.01875, 0.0, 0.0, 0.0, 16.67, 0.01875, 1.0]",,,TRUE
1751858187,manual,manual_search,active,2,0.5,TRUE,"[-1.0, 0.0, 0.0, 0.0, 0.0, 0.0, 0.0, 0.0, 0.01875, 0.0, 0.0, 0.0, 55.81, 0.01875, 1.0]",,,TRUE
1751858188,manual,manual_search,active,4,1,TRUE,"[-1.0, 0.0, 0.0, 0.0, 0.0, 0.0, 0.0, 2.0, 0.01875, 0.0, 0.0, 0.0, 381.45, 0.01875, 1.0]",,,TRUE
1751858189,manual,manual_tracking,active,0,1,TRUE,"[0.0, 0.992557168006897, 0.6461328125000001, 0.5421874999999999, 0.002083333333333326, 0.38628255208333345, 1.5779824256896973, 4.0, -0.3453125, 0.6570378151260504, 0.4198666455447311, 0.5421915025468655, 132.66, 0.01875, 0.0]",,,TRUE
1751858191,manual,manual_tracking,active,3,1,TRUE,"[0.0, 0.7791398167610168, 0.8244335937499999, -0.09296875000000004, -0.03541666666666671, 0.12097005208333322, 0.4790518283843994, 0.0, -0.1015625, 0.9722850678733032, 0.5771104648757045, 0.09948632445889379, 209.44, -0.3453125, 0.0]",,,TRUE
1751858192,manual,manual_tracking,active,0,1,TRUE,"[1.0, 0.8960849642753601, 0.4952669270833333, -0.22031249999999997, -0.23541666666666666, -0.12504557291666674, 0.16796112060546875, 3.0, 0.0640625, 1.7687007874015748, 0.4153702292979366, 0.3224261227020764, 136.89, -0.1015625, 0.0]",,,TRUE
1751858192,manual,manual_tracking,active,0,1,TRUE,"[0.0, 0.9637089967727661, 0.4287923177083333, 0.31406249999999997, 0.234375, -0.066474609375, 0.6820218563079834, 0.0, -0.5640625, 0.43058455114822547, 0.18014289530624408, 0.3918761214098787, 806.41, 0.0640625, 0.0]",,,TRUE
1751858193,manual,manual_tracking,active,1,1,TRUE,"[0.0, 0.7903842329978943, 0.9015625, -0.234375, 0.001041666666666663, 0.47277018229166673, 0.7005174160003662, 0.0, -0.0953125, 0.9015625, 0.6446629289859266, 0.23437731480338372, 378.33, -0.5640625, 0.0]",,,TRUE
1751858194,manual,manual_tracking,active,2,1,TRUE,"[0.0, 0.8323350548744202, 0.7484375, 0.07656250000000009, 0.0, -0.15312500000000007, 0.6159999370574951, 1.0, -0.2484375, 0.7484375, 0.4681864362988563, 0.07656250000000009, 30.17, -0.0953125, 0.0]",,,TRUE
1751858194,manual,manual_search,active,0,1,TRUE,"[-1.0, 0.0, 0.0, 0.0, 0.0, 0.0, 0.0, 2.0, -0.2484375, 0.0, 0.0, 0.0, 136.14, -0.2484375, 1.0]",,,TRUE
1751858199,manual,manual_search,active,3,0.5,TRUE,"[-1.0, 0.0, 0.0, 0.0, 0.0, 0.0, 0.0, 0.0, -0.2484375, 0.0, 0.0, 0.0, 134.37, -0.2484375, 1.0]",,,TRUE
1751858200,manual,manual_search,active,4,0.5,TRUE,"[-1.0, 0.0, 0.0, 0.0, 0.0, 0.0, 0.0, 3.0, -0.2484375, 0.0, 0.0, 0.0, 158.72, -0.2484375, 1.0]",,,TRUE
1751858201,manual,manual_search,active,1,1,TRUE,"[-1.0, 0.0, 0.0, 0.0, 0.0, 0.0, 0.0, 4.0, -0.2484375, 0.0, 0.0, 0.0, 137.87, -0.2484375, 1.0]",,,TRUE
1751858202,manual,manual_search,active,0,1,TRUE,"[-1.0, 0.0, 0.0, 0.0, 0.0, 0.0, 0.0, 1.0, -0.2484375, 0.0, 0.0, 0.0, 59.7, -0.2484375, 1.0]",,,TRUE
1751858222,manual,manual_tracking,active,3,1,TRUE,"[1.0, 0.9671301245689392, 0.331240234375, 0.004687500000000011, 0.001041666666666663, -0.005126953125, 0.5138387680053711, 0.0, 0.3671875, 0.7594637223974764, 0.20272300890469067, 0.004801846071506723, 60.11, -0.2484375, 0.0]",,,TRUE
1751858222,manual,manual_tracking,active,0,1,TRUE,"[1.0, 0.987287163734436, 0.37236979166666667, -0.03203125000000001, -0.001041666666666663, 0.041129557291666674, 0.6413953304290771, 3.0, 0.43125, 0.8591772151898734, 0.209092926926387, 0.03204818319354383, 56.13, 0.3671875, 0.0]",,,TRUE
1751858225,manual,manual_search,active,2,1,TRUE,"[-1.0, 0.0, 0.0, 0.0, 0.0, 0.0, 0.0, 0.0, 0.43125, 0.0, 0.0, 0.0, 56.44, 0.43125, 1.0]",,,TRUE
1751858227,manual,manual_tracking,active,0,1,TRUE,"[0.0, 0.7407252192497253, 0.9751171875, 0.28984374999999996, 0.13749999999999996, 0.722412109375, 2.4301884174346924, 2.0, 0.003125, 1.0127388535031847, 0.7200367240910345, 0.3208046904489747, 56.11, 0.43125, 0.0]",,,TRUE
1751858228,manual,manual_tracking,active,4,1,TRUE,"[0.0, 0.828055739402771, 0.19853515624999998, -0.3515625, 0.18541666666666667, -0.7517382812500001, 0.5602304935455322, 0.0, 0.703125, 0.44392523364485986, 0.048805708383042656, 0.3974613587306668, 17.96, 0.003125, 0.0]",,,TRUE
1751858228,manual,manual_search,active,0,1,TRUE,"[-1.0, 0.0, 0.0, 0.0, 0.0, 0.0, 0.0, 4.0, 0.703125, 0.0, 0.0, 0.0, 77.31, 0.703125, 1.0]",,,TRUE
1751858229,manual,manual_search,active,2,1,TRUE,"[-1.0, 0.0, 0.0, 0.0, 0.0, 0.0, 0.0, 0.0, 0.703125, 0.0, 0.0, 0.0, 76.06, 0.703125, 1.0]",,,TRUE
1751858230,manual,manual_search,active,4,0.5,TRUE,"[-1.0, 0.0, 0.0, 0.0, 0.0, 0.0, 0.0, 2.0, 0.703125, 0.0, 0.0, 0.0, 208.34, 0.703125, 1.0]",,,TRUE
1751858231,manual,manual_search,active,0,1,TRUE,"[-1.0, 0.0, 0.0, 0.0, 0.0, 0.0, 0.0, 4.0, 0.703125, 0.0, 0.0, 0.0, 88.72, 0.703125, 1.0]",,,TRUE
1751858237,manual,manual_tracking,active,4,1,TRUE,"[1.0, 0.6457285284996033, 0.26317708333333334, 0.03749999999999998, 0.001041666666666663, 0.017734374999999997, 0.4759700298309326, 0.0, -0.078125, 0.5705521472392638, 0.1566643139778656, 0.03751446480285228, 86.98, 0.703125, 0.0]",,,TRUE
1751858239,manual,manual_search,active,3,1,TRUE,"[-1.0, 0.0, 0.0, 0.0, 0.0, 0.0, 0.0, 4.0, -0.078125, 0.0, 0.0, 0.0, 49.63, -0.078125, 1.0]",,,TRUE
1751858240,manual,manual_search,active,0,0.5,TRUE,"[-1.0, 0.0, 0.0, 0.0, 0.0, 0.0, 0.0, 3.0, -0.078125, 0.0, 0.0, 0.0, 55.43, -0.078125, 1.0]",,,TRUE
1751858240,manual,manual_search,active,3,1,TRUE,"[-1.0, 0.0, 0.0, 0.0, 0.0, 0.0, 0.0, 0.0, -0.078125, 0.0, 0.0, 0.0, 56.73, -0.078125, 1.0]",,,TRUE
1751858241,manual,manual_tracking,active,0,1,TRUE,"[0.0, 0.7346272468566895, 0.11250976562500001, 0.24687499999999996, -0.052083333333333315, -0.2204296875, 3.089790105819702, 3.0, -0.8046875, 0.32829181494661924, 0.01614311315734085, 0.252309213537895, 71.12, -0.078125, 0.0]",,,TRUE
1751858246,manual,manual_tracking,active,2,1,TRUE,"[0.0, 0.9049974679946899, 0.3360872395833333, -0.00390625, 0.0010416666666667185, 0.006015624999999969, 0.5150051116943359, 0.0, -0.6109375, 0.4431818181818182, 0.11833651111126889, 0.004042753827151062, 74.98, -0.8046875, 0.0]",,,TRUE
1751858247,manual,manual_tracking,active,0,1,TRUE,"[0.0, 0.9017545580863953, 0.3333658854166667, 0.0015625000000000222, -0.002083333333333326, -0.002721354166666634, 0.6460533142089844, 2.0, -0.6140625, 0.4395933014354067, 0.11601829539248684, 0.002604166666666674, 67.74, -0.6109375, 0.0]",,,TRUE
1751858248,manual,manual_search,active,4,1,TRUE,"[-1.0, 0.0, 0.0, 0.0, 0.0, 0.0, 0.0, 0.0, -0.6140625, 0.0, 0.0, 0.0, 85.3, -0.6140625, 1.0]",,,TRUE
1751858248,manual,manual_search,active,1,1,TRUE,"[-1.0, 0.0, 0.0, 0.0, 0.0, 0.0, 0.0, 4.0, -0.6140625, 0.0, 0.0, 0.0, 77.04, -0.6140625, 1.0]",,,TRUE
1751858249,manual,manual_search,active,0,1,TRUE,"[-1.0, 0.0, 0.0, 0.0, 0.0, 0.0, 0.0, 1.0, -0.6140625, 0.0, 0.0, 0.0, 72.8, -0.6140625, 1.0]",,,TRUE
1751858257,manual,manual_tracking,active,2,1,TRUE,"[0.0, 0.5586434006690979, 0.5320279947916666, -0.15703125, -0.013541666666666674, -0.29453450520833346, 0.550889253616333, 0.0, 0.4484375, 0.5718142548596111, 0.16393205730677649, 0.15761405461656525, 806.51, -0.6140625, 0.0]",,,TRUE
1751858257,manual,manual_tracking,active,4,1,TRUE,"[1.0, 0.7604926824569702, 0.5520019531250001, 0.0031250000000000444, 0.010416666666666685, 0.019973958333333486, 0.6929259300231934, 2.0, 0.4421875, 0.5636842105263158, 0.23416603162672808, 0.010875319280115188, 58.98, 0.4484375, 0.0]",,,TRUE
1751858259,manual,manual_search,active,2,1,TRUE,"[-1.0, 0.0, 0.0, 0.0, 0.0, 0.0, 0.0, 4.0, 0.4421875, 0.0, 0.0, 0.0, 122.06, 0.4421875, 1.0]",,,TRUE
1751858260,manual,manual_search,active,1,0.5,TRUE,"[-1.0, 0.0, 0.0, 0.0, 0.0, 0.0, 0.0, 2.0, 0.4421875, 0.0, 0.0, 0.0, 806.5, 0.4421875, 1.0]",,,TRUE
1751858262,manual,manual_search,active,4,0.5,TRUE,"[-1.0, 0.0, 0.0, 0.0, 0.0, 0.0, 0.0, 1.0, 0.4421875, 0.0, 0.0, 0.0, 41.01, 0.4421875, 1.0]",,,TRUE
1751858262,manual,manual_search,active,0,0.5,TRUE,"[-1.0, 0.0, 0.0, 0.0, 0.0, 0.0, 0.0, 4.0, 0.4421875, 0.0, 0.0, 0.0, 29.65, 0.4421875, 1.0]",,,TRUE
